component_id,source_row,page,section_no,tariff_code,service_name,sequence,rule_type,status,customer_group,percent,permille,rate_limit,amount,min_fee,max_fee,lower_bound,upper_bound,range_basis,basis,unit,frequency,extra_cost,reference,condition,description,original_fee_text,source_ref
1-1-01,2,1,1,1-1,ضمانتنامه در مقابل 100 درصد سپرده نقدی,1,FIXED_AMOUNT,دارای کارمزد,,,,,1300000,,,,,,,,,,,,"مقطوع 1,300,000 ریال","مقطوع 1,300,000 ریال",پیوست (کارمزدهای ریالی).pdf - صفحه 1
1-2-01,3,1,1,1-2,ضمانتنامه در مقابل انواع حساب های سپرده اعم از قرض الحسنه پس انداز و سرمایه گذاری مدت دار (ریالی و ارزی),1,RATE,دارای کارمزد,,0.5,,دقیق,,1300000,,,,,مبلغ خدمت/معامله,,سالانه,,,,"0.5 درصد مبلغ در سال، حداقل 1,300,000 ریال","0.5 درصد مبلغ در سال، حداقل 1,300,000 ریال",پیوست (کارمزدهای ریالی).pdf - صفحه 1
1-3-01,4,1,1,1-3,ضمانتنامه در مقابل طلا (1),1,RATE,دارای کارمزد,,0.75,,دقیق,,1300000,,,,,مبلغ خدمت/معامله,,سالانه,,,,"0.75 درصد مبلغ در سال، حداقل 1,300,000 ریال","0.75 درصد مبلغ در سال، حداقل 1,300,000 ریال",پیوست (کارمزدهای ریالی).pdf - صفحه 1
1-4-01,5,1,1,1-4,ضمانتنامه در مقابل ضمانتنامه های صادره توسط مؤسسات اعتباری داخلی,1,RATE,دارای کارمزد,,0.75,,دقیق,,1300000,,,,,مبلغ خدمت/معامله,,سالانه,,,,"0.75 درصد مبلغ در سال، حداقل 1,300,000 ریال","0.75 درصد مبلغ در سال، حداقل 1,300,000 ریال",پیوست (کارمزدهای ریالی).pdf - صفحه 1
1-5-01,6,1,1,1-5,ضمانتنامه در مقابل ضمانتنامه های اعتباری (ارزی-ریالی) صادره توسط صندوق ضمانت صادرات ایران و سایر صندوق هایی که به موجب قانون تأسیس می شوند,1,RATE,دارای کارمزد,,0.75,,دقیق,,1300000,,,,,مبلغ خدمت/معامله,,سالانه,,,,"0.75 درصد مبلغ در سال، حداقل 1,300,000 ریال","0.75 درصد مبلغ در سال، حداقل 1,300,000 ریال",پیوست (کارمزدهای ریالی).pdf - صفحه 1
1-6-01,7,1,1,1-6,ضمانتنامه در مقابل ضمانتنامه های صادره توسط بانک های خارجی معتبر,1,RATE,دارای کارمزد,,1.75,,دقیق,,1300000,,,,,مبلغ خدمت/معامله,,سالانه,,,,"1.75 درصد مبلغ در سال، حداقل 1,300,000 ریال","1.75 درصد مبلغ در سال، حداقل 1,300,000 ریال",پیوست (کارمزدهای ریالی).pdf - صفحه 1
1-7-01,8,1,1,1-7,ضمانتنامه در مقابل اوراق بهادار بدون ریسک (2),1,RATE,دارای کارمزد,,0.5,,دقیق,,1300000,,,,,مبلغ خدمت/معامله,,سالانه,,,,"0.5 درصد مبلغ در سال، حداقل 1,300,000 ریال","0.5 درصد مبلغ در سال، حداقل 1,300,000 ریال",پیوست (کارمزدهای ریالی).pdf - صفحه 1
1-8-01,9,1,1,1-8,ضمانتنامه در مقابل سایر اوراق بهادار (3),1,RATE,دارای کارمزد,,1,,دقیق,,1300000,,,,,مبلغ خدمت/معامله,,سالانه,,,,"1 درصد مبلغ در سال، حداقل 1,300,000 ریال","1 درصد مبلغ در سال، حداقل 1,300,000 ریال",پیوست (کارمزدهای ریالی).pdf - صفحه 1
1-9-01,10,1,1,1-9,ضمانتنامه در مقابل سهام پذیرفته شده در بورس (4),1,RATE,دارای کارمزد,,1,,دقیق,,1300000,,,,,مبلغ خدمت/معامله,,سالانه,,,,"1 درصد مبلغ در سال، حداقل 1,300,000 ریال","1 درصد مبلغ در سال، حداقل 1,300,000 ریال",پیوست (کارمزدهای ریالی).pdf - صفحه 1
1-10-01,11,1,1,1-10,ضمانتنامه در مقابل اموال غیرمنقول سهل البیع (با تشخیص مؤسسه اعتباری),1,RATE,دارای کارمزد,,1,,دقیق,,1300000,,,,,مبلغ خدمت/معامله,,سالانه,,,,"1 درصد مبلغ در سال، حداقل 1,300,000 ریال","1 درصد مبلغ در سال، حداقل 1,300,000 ریال",پیوست (کارمزدهای ریالی).pdf - صفحه 1
1-11-01,12,1,1,1-11,ضمانتنامه در مقابل سایر اموال غیرمنقول,1,RATE,دارای کارمزد,,1.5,,دقیق,,1300000,,,,,مبلغ خدمت/معامله,,سالانه,,,,"1.5 درصد مبلغ در سال، حداقل 1,300,000 ریال","1.5 درصد مبلغ در سال، حداقل 1,300,000 ریال",پیوست (کارمزدهای ریالی).pdf - صفحه 1
1-12-01,13,1,1,1-12,ضمانتنامه در مقابل توثیق سند کشتی و هواپیما دارای بیمه نامه معتبر,1,RATE,دارای کارمزد,,1.5,,دقیق,,1300000,,,,,مبلغ خدمت/معامله,,سالانه,,,,"1.5 درصد مبلغ در سال، حداقل 1,300,000 ریال","1.5 درصد مبلغ در سال، حداقل 1,300,000 ریال",پیوست (کارمزدهای ریالی).pdf - صفحه 1
1-13-01,14,1,1,1-13,ضمانتنامه در مقابل اسناد تجاری نظیر سفته و چک,1,RATE,دارای کارمزد,,2.25,,دقیق,,1300000,,,,,مبلغ خدمت/معامله,,سالانه,,,,"2.25 درصد مبلغ در سال، حداقل 1,300,000 ریال","2.25 درصد مبلغ در سال، حداقل 1,300,000 ریال",پیوست (کارمزدهای ریالی).pdf - صفحه 1
1-14-01,15,1,1,1-14,ضمانتنامه در مقابل رسید انبارهای عمومی,1,RATE,دارای کارمزد,,2,,دقیق,,1300000,,,,,مبلغ خدمت/معامله,,سالانه,,,,"2 درصد مبلغ در سال، حداقل 1,300,000 ریال","2 درصد مبلغ در سال، حداقل 1,300,000 ریال",پیوست (کارمزدهای ریالی).pdf - صفحه 1
1-15-01,16,1,1,1-15,ضمانتنامه در مقابل سایر وثایق,1,RATE,دارای کارمزد,,2.25,,دقیق,,,,,,,,,سالانه,,,,2.25 درصد در سال,2.25 درصد در سال,پیوست (کارمزدهای ریالی).pdf - صفحه 1
1-16-01,17,1,1,1-16,تمدید ضمانتنامه,1,REFERENCE,تعرفه مرجع,,,,,,1300000,,,,,,,,,نرخ صدور ضمانتنامه در زمان تمدید,تمدید ضمانتنامه,"کارمزد تمدید برابر با نرخ صدور ضمانتنامه در زمان تمدید؛ حداقل 1,300,000 ریال","کارمزد تمدید برابر با نرخ صدور ضمانتنامه در زمان تمدید؛ حداقل 1,300,000 ریال",پیوست (کارمزدهای ریالی).pdf - صفحه 1
1-17-01,18,1,1,1-17,تقلیل ضمانتنامه,1,REFUND_FORMULA,فرمول استرداد,,,,,,1300000,,,,,مابه التفاوت مبلغ و مدت باقی مانده,,,,,پس از کسر یک ماه به نفع بانک؛ حداقل کارمزد صدور غیرقابل برگشت,"کارمزد اخذشده در هنگام صدور نسبت به مابه التفاوت مبلغ برای مدت باقی مانده پس از کسر یک ماه به نفع بانک محاسبه و مسترد می گردد؛ حداقل مبلغ کارمزد صدور ضمانتنامه (1,300,000 ریال) غیرقابل برگشت می باشد","کارمزد اخذشده در هنگام صدور نسبت به مابه التفاوت مبلغ برای مدت باقی مانده پس از کسر یک ماه به نفع بانک محاسبه و مسترد می گردد؛ حداقل مبلغ کارمزد صدور ضمانتنامه (1,300,000 ریال) غیرقابل برگشت می باشد",پیوست (کارمزدهای ریالی).pdf - صفحه 1
1-18-01,19,1,1,1-18,ابطال ضمانتنامه قبل از سررسید (غیر از ضبط ضمانتنامه) (5),1,REFUND_FORMULA,فرمول استرداد,,,,,,1300000,,,,,مابه التفاوت مبلغ و مدت باقی مانده,,,,,پس از کسر یک ماه به نفع بانک؛ حداقل کارمزد صدور غیرقابل برگشت,"کارمزد اخذشده در هنگام صدور نسبت به مابه التفاوت مبلغ برای مدت باقی مانده پس از کسر یک ماه به نفع بانک محاسبه و مسترد می گردد؛ حداقل مبلغ کارمزد صدور ضمانتنامه (1,300,000 ریال) غیرقابل برگشت می باشد","کارمزد اخذشده در هنگام صدور نسبت به مابه التفاوت مبلغ برای مدت باقی مانده پس از کسر یک ماه به نفع بانک محاسبه و مسترد می گردد؛ حداقل مبلغ کارمزد صدور ضمانتنامه (1,300,000 ریال) غیرقابل برگشت می باشد",پیوست (کارمزدهای ریالی).pdf - صفحه 1
1-19-01,20,1,1,1-19,صدور المثنی ضمانتنامه های بانکی,1,FIXED_AMOUNT,دارای کارمزد,,,,,1300000,,,,,,,,,,,,"مقطوع 1,300,000 ریال","مقطوع 1,300,000 ریال",پیوست (کارمزدهای ریالی).pdf - صفحه 1
1-20-01,21,1,1,1-20,انتقال ذی نفع ضمانتنامه,1,RATE,دارای کارمزد,,,0.5,حداکثر,,1300000,,,,,مبلغ ضمانتنامه,,,,,صرفاً بر عهده تأمین کننده,"حداکثر معادل نیم در هزار مبلغ ضمانتنامه صرفاً بر عهده تأمین کننده، با لحاظ حداقل مبلغ کارمزد 1,300,000 ریال مشابه کارمزد صدور ضمانتنامه","حداکثر معادل نیم در هزار مبلغ ضمانتنامه صرفاً بر عهده تأمین کننده، با لحاظ حداقل مبلغ کارمزد 1,300,000 ریال مشابه کارمزد صدور ضمانتنامه",پیوست (کارمزدهای ریالی).pdf - صفحه 1
2-1-01,22,2,2,2-1,صدور چک تضمین شده یا رمزدار بین بانکی,1,FIXED_AMOUNT,دارای کارمزد,,,,,144000,,,,,,,فقره,,,,,"هر فقره 144,000 ریال","هر فقره 144,000 ریال",پیوست (کارمزدهای ریالی).pdf - صفحه 2
2-2-01,23,2,2,2-2,اعلام منع پرداخت چک های بانکی/بین بانکی مفقودی,1,FIXED_AMOUNT,دارای کارمزد,,,,,1152000,,,,,,,,,,,,"مقطوع 1,152,000 ریال","مقطوع 1,152,000 ریال",پیوست (کارمزدهای ریالی).pdf - صفحه 2
2-3-01,24,2,2,2-3,صدور المثنی چک بانکی,1,FIXED_AMOUNT,دارای کارمزد,,,,,144000,,,,,,,فقره,,,,,"هر فقره 144,000 ریال","هر فقره 144,000 ریال",پیوست (کارمزدهای ریالی).pdf - صفحه 2
2-4-01,25,2,2,2-4,استرداد/ابطال چک بانکی/بین بانکی به درخواست مشتری,1,FIXED_AMOUNT,دارای کارمزد,,,,,288000,,,,,,,فقره,,,,,"هر فقره 288,000 ریال","هر فقره 288,000 ریال",پیوست (کارمزدهای ریالی).pdf - صفحه 2
3-1-01,26,2,3,3-1,صندوق اجاره ای (اجاره بها و ودیعه سالانه),1,RATE_UNIT,دارای کارمزد,,,,,288,1440000,,,,,حجم صندوق,سانتی متر مکعب,سالانه,,,اجاره بها,"288 ریال به ازای هر سانتی متر مکعب حجم؛ حداقل 1,440,000 ریال","هر سانتی متر مکعب حجم 288 ریال (حداقل 1,440,000 ریال)؛ همچنین ودیعه اجاره 8 برابر مبلغ اجاره بها، حداقل مبلغ 11,520,000 ریال",پیوست (کارمزدهای ریالی).pdf - صفحه 2
3-1-02,26,2,3,3-1,صندوق اجاره ای (اجاره بها و ودیعه سالانه),2,DEPOSIT_MULTIPLIER,دارای ودیعه,,,,,,11520000,,,,,اجاره بها,سال,سالانه,,,ودیعه اجاره,"ودیعه اجاره برابر 8 برابر مبلغ اجاره بها؛ حداقل 11,520,000 ریال","هر سانتی متر مکعب حجم 288 ریال (حداقل 1,440,000 ریال)؛ همچنین ودیعه اجاره 8 برابر مبلغ اجاره بها، حداقل مبلغ 11,520,000 ریال",پیوست (کارمزدهای ریالی).pdf - صفحه 2
3-2-01,27,2,3,3-2,هر بار استفاده از صندوق,1,FIXED_AMOUNT,دارای کارمزد,,,,,120000,,,,,,,,,,,,"120,000 ریال","120,000 ریال",پیوست (کارمزدهای ریالی).pdf - صفحه 2
3-3-01,28,2,3,3-3,مفقودی کلیدها,1,FIXED_AMOUNT,دارای کارمزد,,,,,288000,,,,,,,,,تمامی هزینه های مربوط به قفل ها و کلیدها,,,"تمامی هزینه های مربوط به قفل ها و کلیدها + 288,000 ریال","تمامی هزینه های مربوط به قفل ها و کلیدها + 288,000 ریال",پیوست (کارمزدهای ریالی).pdf - صفحه 2
3-4-01,29,2,3,3-4,تخلیه و تحویل صندوق,1,NO_FEE,بدون کارمزد,,,,,,,,,,,,,,,,,بدون کارمزد,بدون کارمزد,پیوست (کارمزدهای ریالی).pdf - صفحه 2
3-5-01,30,2,3,3-5,هماهنگی جهت بازدید از صندوق اجاره ای به درخواست مراجع ذی صلاح,1,NO_FEE,بدون کارمزد,,,,,,,,,,,,,,,,,بدون کارمزد,بدون کارمزد,پیوست (کارمزدهای ریالی).pdf - صفحه 2
4-1-01,31,3,4,4-1,انتقال هر برگ اوراق گواهی حق تقدم اعطای تسهیلات,1,FIXED_AMOUNT,دارای کارمزد,,,,,66000,,,,,,,,,,,,"66,000 ریال","66,000 ریال",پیوست (کارمزدهای ریالی).pdf - صفحه 3
4-2-01,32,3,4,4-2,صدور هر برگ المثنی اوراق حق تقدم اعطای تسهیلات,1,FIXED_AMOUNT,دارای کارمزد,,,,,110000,,,,,,,,,,,,"110,000 ریال","110,000 ریال",پیوست (کارمزدهای ریالی).pdf - صفحه 3
4-3-01,33,3,4,4-3,تضمین اصل و سود اوراق بدهی توسط مؤسسه اعتباری عامل,1,FORMULA,فرمولی,,,,,,,,,,,مجموع مانده اصل و سود اوراق بدهی در پایان هر سال,,سالانه,,کارمزد صدور ضمانتنامه متناسب با وثایق,حداقل برابر کارمزد صدور ضمانتنامه و حداکثر دو برابر آن,حداقل به میزان کارمزد صدور ضمانتنامه ها متناسب با وثایق و حداکثر تا دو برابر آن به مأخذ مجموع مانده اصل و سود اوراق بدهی در پایان هر سال,حداقل به میزان کارمزد صدور ضمانتنامه ها متناسب با وثایق و حداکثر تا دو برابر آن به مأخذ مجموع مانده اصل و سود اوراق بدهی در پایان هر سال,پیوست (کارمزدهای ریالی).pdf - صفحه 3
4-4-01,34,3,4,4-4,انتقال اوراق بهادار/نقل و انتقال اوراق گواهی سپرده با نام به شخص ثالث,1,RATE,دارای کارمزد,,,0.5,دقیق,,,480000,,,,مبلغ مورد انتقال,,,,,,"نیم در هزار مبلغ مورد انتقال، حداکثر 480,000 ریال","نیم در هزار مبلغ مورد انتقال، حداکثر 480,000 ریال",پیوست (کارمزدهای ریالی).pdf - صفحه 3
4-5-01,35,3,4,4-5,عاملیت و ضمانت اوراق گواهی اعتبار مولد (گام),1,REFERENCE,تعرفه مرجع,,,,,,,,,,,,,,,کارمزد صدور ضمانتنامه متناسب با وثایق دریافتی,حداکثر,حداکثر به میزان کارمزد صدور ضمانتنامه ها و متناسب با وثایق دریافتی,حداکثر به میزان کارمزد صدور ضمانتنامه ها و متناسب با وثایق دریافتی,پیوست (کارمزدهای ریالی).pdf - صفحه 3
4-6-01,36,3,4,4-6,انتقال اوراق گواهی اعتبار مولد (گام),1,RATE,دارای کارمزد,,0.1,,حداکثر,,,,,,,مبلغ اوراق انتقال یافته,,,,,,حداکثر به میزان یک دهم درصد مبلغ اوراق انتقال یافته,حداکثر به میزان یک دهم درصد مبلغ اوراق انتقال یافته,پیوست (کارمزدهای ریالی).pdf - صفحه 3
4-7-01,37,3,4,4-7,ابطال اوراق گواهی اعتبار مولد (گام) در لایه اول زنجیره تولید (از متقاضی) (1),1,RATE,دارای کارمزد,,,0.5,حداکثر,,,,,,,مبلغ ابطال اوراق,,,,,,حداکثر نیم در هزار مبلغ ابطال اوراق,حداکثر نیم در هزار مبلغ ابطال اوراق,پیوست (کارمزدهای ریالی).pdf - صفحه 3
4-8-01,38,3,4,4-8,انتقال اوراق گام به بازار سرمایه (با نماد بازار سرمایه),1,RATE,دارای کارمزد,,,0.5,حداکثر,,,,,,,مبلغ مورد انتقال,,,,,,حداکثر نیم در هزار مبلغ مورد انتقال,حداکثر نیم در هزار مبلغ مورد انتقال,پیوست (کارمزدهای ریالی).pdf - صفحه 3
4-9-01,39,3,4,4-9,تنزیل (خرید دین) اوراق گام (با نماد بازار پول),1,RATE,دارای کارمزد,,,0.5,حداکثر,,,,,,,مبلغ تنزیل شده,,,,,,حداکثر نیم در هزار مبلغ تنزیل شده,حداکثر نیم در هزار مبلغ تنزیل شده,پیوست (کارمزدهای ریالی).pdf - صفحه 3
4-10-01,40,3,4,4-10,توثیق اوراق گواهی اعتبار مولد (گام),1,RATE,دارای کارمزد,,,0.5,حداکثر,,,,,,,مبلغ مورد توثیق,,,,,,حداکثر نیم در هزار مبلغ مورد توثیق,حداکثر نیم در هزار مبلغ مورد توثیق,پیوست (کارمزدهای ریالی).pdf - صفحه 3
4-11-01,41,3,4,4-11,بررسی و پذیرش مطالبات قراردادی با موضوع تأمین کالا,1,RATE,دارای کارمزد,,,0.5,حداکثر,,,,,,,مبلغ توافقی واریزی به حساب تأمین کننده,,,,,,حداکثر معادل نیم در هزار مبلغ توافقی واریزی به حساب تأمین کننده,حداکثر معادل نیم در هزار مبلغ توافقی واریزی به حساب تأمین کننده,پیوست (کارمزدهای ریالی).pdf - صفحه 3
4-12-01,42,3,4,4-12,بررسی و پذیرش مطالبات قراردادی با موضوع تأمین خدمات,1,RATE,دارای کارمزد,,,1.5,حداکثر,,,,,,,مبلغ توافقی واریزی به حساب تأمین کننده,,,,,,حداکثر معادل یک و نیم در هزار مبلغ توافقی واریزی به حساب تأمین کننده,حداکثر معادل یک و نیم در هزار مبلغ توافقی واریزی به حساب تأمین کننده,پیوست (کارمزدهای ریالی).pdf - صفحه 3
4-13-01,43,3,4,4-13,کارت رفاهی متصل به اوراق گواهی اعتبار مولد (گام) (به صورت اقساط مساوی در دوره بازپرداخت),1,RATE,دارای کارمزد,,3,,حداکثر,,,,,,,,,,,,,حداکثر به میزان 3 درصد,حداکثر به میزان 3 درصد,پیوست (کارمزدهای ریالی).pdf - صفحه 3
4-14-01,44,3,4,4-14,صدور اوراق گواهی اعتبار مولد (گام) یارانه دارو,1,RATE,دارای کارمزد,,0.5,,حداکثر,,,,,,,,,سالانه,,,,حداکثر به میزان 0.5 درصد سالانه,حداکثر به میزان 0.5 درصد سالانه,پیوست (کارمزدهای ریالی).pdf - صفحه 3
5-1-01,45,3,5,5-1,سفته، برات و قبوض ثبتی وصولی,1,FIXED_AMOUNT,دارای کارمزد,,,,,144000,,,,,,,فقره,,هزینه پست,,,"هر فقره 144,000 ریال + هزینه پست","هر فقره 144,000 ریال + هزینه پست",پیوست (کارمزدهای ریالی).pdf - صفحه 3
5-2-01,46,3,5,5-2,ابلاغ سفته و برات,1,FIXED_AMOUNT,دارای کارمزد,,,,,86400,,,,,,,نوبت,هر نوبت,هزینه پست,,,"برای هر نوبت 86,400 ریال + هزینه پست","برای هر نوبت 86,400 ریال + هزینه پست",پیوست (کارمزدهای ریالی).pdf - صفحه 3
5-3-01,47,3,5,5-3,واخواست سفته,1,FIXED_AMOUNT,دارای کارمزد,,,,,1152000,,,,,,,برگ,,,,,"برای هر برگ 1,152,000 ریال","برای هر برگ 1,152,000 ریال",پیوست (کارمزدهای ریالی).pdf - صفحه 3
5-4-01,48,3,5,5-4,فروش سفته/براتنامه (از متقاضی),1,FIXED_AMOUNT,دارای کارمزد,,,,,120000,,2400000,,,,,برگ,,,,,"برای هر برگ 120,000 ریال، حداکثر 2,400,000 ریال","برای هر برگ 120,000 ریال، حداکثر 2,400,000 ریال",پیوست (کارمزدهای ریالی).pdf - صفحه 3
5-5-01,49,3,5,5-5,قبولی «برات الکترونیکی زنجیره تولید»,1,REFERENCE,تعرفه مرجع,,,,,,,,,,,,,,,کارمزد صدور ضمانتنامه متناسب با وثایق دریافتی,,مشابه کارمزد صدور ضمانتنامه و متناسب با وثایق دریافتی,مشابه کارمزد صدور ضمانتنامه و متناسب با وثایق دریافتی,پیوست (کارمزدهای ریالی).pdf - صفحه 3
5-6-01,50,3,5,5-6,انتقال «برات الکترونیکی زنجیره تولید»,1,RATE,دارای کارمزد,,,1,حداکثر,,,,,,,مبلغ خدمت/معامله,,,,,,حداکثر یک در هزار مبلغ برات انتقال یافته,حداکثر یک در هزار مبلغ برات انتقال یافته,پیوست (کارمزدهای ریالی).pdf - صفحه 3
6-1-1-01,51,4,6,6-1-1,تقاضای عدم پرداخت چک,1,FIXED_AMOUNT,دارای کارمزد,,,,,288000,,,,,,,برگ چک,,,,,"هر برگ چک 288,000 ریال","هر برگ چک 288,000 ریال",پیوست (کارمزدهای ریالی).pdf - صفحه 4
6-1-2-01,52,4,6,6-1-2,صدور گواهی نامه عدم پرداخت وجه چک,1,FIXED_AMOUNT,دارای کارمزد,,,,,288000,,,,,,,,,,,,"288,000 ریال","288,000 ریال",پیوست (کارمزدهای ریالی).pdf - صفحه 4
6-1-3-01,53,4,6,6-1-3,رفع سوء اثر برای هر برگ چک,1,FIXED_AMOUNT,دارای کارمزد,,,,,288000,,,,,,,,,,,,"288,000 ریال","288,000 ریال",پیوست (کارمزدهای ریالی).pdf - صفحه 4
6-1-4-01,54,4,6,6-1-4,انتقال حساب جاری به شعبه دیگر در هر شهر (بنا به درخواست مشتری),1,FIXED_AMOUNT,دارای کارمزد,,,,,864000,,,,,,,,,هزینه پست,,,"864,000 ریال + هزینه پست در صورت وجود","864,000 ریال + هزینه پست در صورت وجود",پیوست (کارمزدهای ریالی).pdf - صفحه 4
6-1-5-01,55,4,6,6-1-5,اخذ هرگونه اطلاعات لازم جهت افتتاح حساب سپرده قرض الحسنه جاری با/بدون دسته چک,1,FIXED_AMOUNT,دارای کارمزد,,,,,,120000,,,,,,,,هزینه استعلام,,,"حداقل 120,000 ریال + هزینه استعلام (هزینه استعلام از سامانه های ذی ربط نظیر سامانه شاهکار می باشد)","حداقل 120,000 ریال + هزینه استعلام (هزینه استعلام از سامانه های ذی ربط نظیر سامانه شاهکار می باشد)",پیوست (کارمزدهای ریالی).pdf - صفحه 4
6-1-6-01,56,4,6,6-1-6,افتتاح حساب سپرده قرض الحسنه جاری موقت (برای شخص حقوقی در شرف تأسیس),1,FIXED_AMOUNT,دارای کارمزد,,,,,120000,,,,,,,,,,,,"120,000 ریال","120,000 ریال",پیوست (کارمزدهای ریالی).pdf - صفحه 4
6-1-7-01,57,4,6,6-1-7,چک های واگذاری عهده سایر مؤسسات اعتباری (از ذی نفع چک),1,FIXED_AMOUNT,دارای کارمزد,,,,,28800,,,,,,,فقره,,,,,"هر فقره 28,800 ریال","هر فقره 28,800 ریال",پیوست (کارمزدهای ریالی).pdf - صفحه 4
6-1-8-01,58,4,6,6-1-8,انتقال وجه از سایر حساب های مشتری بابت تأمین وجه چک,1,FIXED_AMOUNT,دارای کارمزد,,,,,144000,,,,,,,حساب,,,,,"از هر حساب 144,000 ریال","از هر حساب 144,000 ریال",پیوست (کارمزدهای ریالی).pdf - صفحه 4
6-1-9-01,59,4,6,6-1-9,اخذ گزارش اعتباری برای صدور دسته چک اشخاص حقیقی,1,REFERENCE,تعرفه مرجع,,,,,,,,,,,,,,,تعرفه ابلاغی بانک مرکزی به شرکت رتبه بندی اعتباری ایران,,مطابق تعرفه ابلاغی بانک مرکزی به شرکت رتبه بندی اعتباری ایران,مطابق تعرفه ابلاغی بانک مرکزی به شرکت رتبه بندی اعتباری ایران,پیوست (کارمزدهای ریالی).pdf - صفحه 4
6-1-10-01,60,4,6,6-1-10,صدور دسته چک,1,FIXED_AMOUNT,دارای کارمزد,,,,,120000,,,,,,,,,هزینه تمبر مالیاتی + مبلغ پرداختی به چاپخانه دولتی,,,"120,000 ریال + مبلغ پرداختی به چاپخانه دولتی (بهای تمام شده) + هزینه تمبر مالیاتی","120,000 ریال + مبلغ پرداختی به چاپخانه دولتی (بهای تمام شده) + هزینه تمبر مالیاتی",پیوست (کارمزدهای ریالی).pdf - صفحه 4
6-1-11-01,61,4,6,6-1-11,صدور المثنی (چاپ مجدد) گواهی نامه عدم پرداخت صادرشده قبلی به درخواست مشتری,1,FIXED_AMOUNT,دارای کارمزد,,,,,44000,,,,,,,,,,,,"44,000 ریال","44,000 ریال",پیوست (کارمزدهای ریالی).pdf - صفحه 4
6-1-12-01,62,4,6,6-1-12,ابطال/استرداد چک صادره توسط اشخاص به درخواست مشتری با ارائه لاشه چک باطل شده,1,FIXED_AMOUNT,دارای کارمزد,,,,,22000,,,,,,,,,,,,"22,000 ریال","22,000 ریال",پیوست (کارمزدهای ریالی).pdf - صفحه 4
6-1-13-01,63,4,6,6-1-13,اخذ صورت اطلاعات چک های برگشتی به درخواست مشتری,1,FIXED_AMOUNT,دارای کارمزد,,,,,52800,,,,,,,,,,,,"52,800 ریال","52,800 ریال",پیوست (کارمزدهای ریالی).pdf - صفحه 4
6-1-14-01,64,4,6,6-1-14,تحویل دسته چک به مشتری در شعبه ای غیر از شعبه افتتاح کننده حساب سپرده قرض الحسنه جاری,1,FIXED_AMOUNT,دارای کارمزد,,,,,48000,,,,,,,,,,,,"48,000 ریال","48,000 ریال",پیوست (کارمزدهای ریالی).pdf - صفحه 4
6-1-15-01,65,4,6,6-1-15,نگهداری امانی چک های با سررسید بیش از 30 روز (به استثنای چک های مأخوذه بابت تضمین تسهیلات),1,FIXED_AMOUNT,دارای کارمزد,,,,,12000,,,,,,,برگ چک,,,,,"بابت هر برگ چک 12,000 ریال","بابت هر برگ چک 12,000 ریال",پیوست (کارمزدهای ریالی).pdf - صفحه 4
6-1-16-01,66,4,6,6-1-16,صدور چک موردی جاری اشخاص,1,FIXED_AMOUNT,دارای کارمزد,,,,,140000,,,,,,,,,,,,"140,000 ریال","140,000 ریال",پیوست (کارمزدهای ریالی).pdf - صفحه 4
6-2-1-01,67,5,6,6-2-1,افتتاح حساب سپرده قرض الحسنه پس انداز,1,NO_FEE,بدون کارمزد,,,,,,,,,,,,,,,,,بدون کارمزد,بدون کارمزد,پیوست (کارمزدهای ریالی).pdf - صفحه 5
6-2-2-01,68,5,6,6-2-2,افتتاح حساب سپرده سرمایه گذاری کوتاه مدت,1,FIXED_AMOUNT,دارای کارمزد,,,,,120000,,,,,,,,,,,,"120,000 ریال","120,000 ریال",پیوست (کارمزدهای ریالی).pdf - صفحه 5
6-2-3-01,69,5,6,6-2-3,صدور هر جلد دفترچه صرفاً جهت حساب های سپرده سرمایه گذاری کوتاه مدت,1,FIXED_AMOUNT,دارای کارمزد,,,,,96000,,,,,,,,,,,,"96,000 ریال","96,000 ریال",پیوست (کارمزدهای ریالی).pdf - صفحه 5
6-3-1-01,70,5,6,6-3-1,صدور هرگونه گواهی حساب,1,FIXED_AMOUNT,دارای کارمزد,,,,,201500,,,,,,,,,,,,"201,500 ریال","201,500 ریال",پیوست (کارمزدهای ریالی).pdf - صفحه 5
6-3-2-01,71,5,6,6-3-2,صدور گواهی حساب به لاتین,1,FIXED_AMOUNT,دارای کارمزد,,,,,432000,,,,,,,فقره,,,,,"هر فقره 432,000 ریال","هر فقره 432,000 ریال",پیوست (کارمزدهای ریالی).pdf - صفحه 5
6-3-3-01,72,5,6,6-3-3,صدور المثنی گواهی سپرده های سرمایه گذاری ویژه کوتاه مدت و بلندمدت,1,FIXED_AMOUNT,دارای کارمزد,,,,,132000,,,,,,,,,,,,"132,000 ریال","132,000 ریال",پیوست (کارمزدهای ریالی).pdf - صفحه 5
6-4-1-01,73,5,6,6-4-1,ارائه نسخه فیزیکی صورت حساب به مشتری,1,FIXED_AMOUNT,دارای کارمزد,,,,,14500,,,,,,,صفحه,,,,,"هر صفحه 14,500 ریال","هر صفحه 14,500 ریال",پیوست (کارمزدهای ریالی).pdf - صفحه 5
6-4-2-01,74,5,6,6-4-2,ارائه نسخه الکترونیکی (فایل) صورت حساب به مشتری,1,FIXED_AMOUNT,دارای کارمزد,,,,,96000,,,,,,,,,,,,"96,000 ریال","96,000 ریال",پیوست (کارمزدهای ریالی).pdf - صفحه 5
6-5-1-01,75,5,6,6-5-1,ارتباط هر حساب جدید با کارت (پس از صدور کارت) - از طریق مراجعه به شعبه,1,FIXED_AMOUNT,دارای کارمزد,,,,,43000,,,,,,,,,,,,"43,000 ریال","43,000 ریال",پیوست (کارمزدهای ریالی).pdf - صفحه 5
6-5-2-01,76,5,6,6-5-2,تغییر حساب اصلی کارت - از طریق مراجعه به شعبه,1,FIXED_AMOUNT,دارای کارمزد,,,,,72000,,,,,,,,,,,,"72,000 ریال","72,000 ریال",پیوست (کارمزدهای ریالی).pdf - صفحه 5
6-5-3-01,77,5,6,6-5-3,فعال سازی حساب های راکد - از طریق مراجعه به شعبه,1,FIXED_AMOUNT,دارای کارمزد,,,,,52000,,,,,,,حساب,,,,,"هر حساب 52,000 ریال","هر حساب 52,000 ریال",پیوست (کارمزدهای ریالی).pdf - صفحه 5
6-5-4-01,78,5,6,6-5-4,فعال سازی حساب های مطالبه نشده و تعیین تکلیف نشده - از طریق مراجعه به شعبه,1,FIXED_AMOUNT,دارای کارمزد,,,,,52000,,,,,,,حساب,,,,,"هر حساب 52,000 ریال","هر حساب 52,000 ریال",پیوست (کارمزدهای ریالی).pdf - صفحه 5
6-5-5-01,79,5,6,6-5-5,انتقال و واگذاری سپرده سرمایه گذاری بلندمدت به اشخاص مجاز طبق ضوابط ابلاغی بانک مرکزی,1,FIXED_AMOUNT,دارای کارمزد,,,,,145000,,,,,,,انتقال,هر بار,,,,"145,000 ریال بابت هر بار انتقال","145,000 ریال بابت هر بار انتقال",پیوست (کارمزدهای ریالی).pdf - صفحه 5
6-5-6-01,80,5,6,6-5-6,انسداد یا رفع انسداد انواع حساب/کارت به درخواست مشتری - از طریق مراجعه به شعبه,1,FIXED_AMOUNT,دارای کارمزد,,,,,72000,,,,,,,,,,,,"72,000 ریال","72,000 ریال",پیوست (کارمزدهای ریالی).pdf - صفحه 5
6-5-7-01,81,5,6,6-5-7,تغییر در شرایط/اطلاعات انواع حساب (نظیر صاحبان امضاء و آدرس) به درخواست مشتری - از طریق مراجعه به شعبه,1,FIXED_AMOUNT,دارای کارمزد,حقیقی,,,,48000,,,,,,,,,,,,"برای اشخاص حقیقی: 48,000 ریال","برای اشخاص حقیقی: 48,000 ریال؛ برای اشخاص حقوقی: 120,000 ریال",پیوست (کارمزدهای ریالی).pdf - صفحه 5
6-5-7-02,81,5,6,6-5-7,تغییر در شرایط/اطلاعات انواع حساب (نظیر صاحبان امضاء و آدرس) به درخواست مشتری - از طریق مراجعه به شعبه,2,FIXED_AMOUNT,دارای کارمزد,حقوقی,,,,120000,,,,,,,,,,,,"برای اشخاص حقوقی: 120,000 ریال","برای اشخاص حقیقی: 48,000 ریال؛ برای اشخاص حقوقی: 120,000 ریال",پیوست (کارمزدهای ریالی).pdf - صفحه 5
6-5-8-01,82,5,6,6-5-8,برقراری ارتباط بین انواع حساب با لحاظ کف و سقف مبلغ - از طریق مراجعه به شعبه (به استثنای تأمین وجه چک),1,FIXED_AMOUNT,دارای کارمزد,,,,,48000,,,,,,,نوبت,,,,برقراری خدمت,"48,000 ریال بابت برقراری خدمت برای هر نوبت","بابت برقراری خدمت 48,000 ریال برای هر نوبت و به ازای هر بار تراکنش 4,800 ریال",پیوست (کارمزدهای ریالی).pdf - صفحه 5
6-5-8-02,82,5,6,6-5-8,برقراری ارتباط بین انواع حساب با لحاظ کف و سقف مبلغ - از طریق مراجعه به شعبه (به استثنای تأمین وجه چک),2,FIXED_AMOUNT,دارای کارمزد,,,,,4800,,,,,,,تراکنش,,,,هر بار تراکنش,"4,800 ریال به ازای هر بار تراکنش","بابت برقراری خدمت 48,000 ریال برای هر نوبت و به ازای هر بار تراکنش 4,800 ریال",پیوست (کارمزدهای ریالی).pdf - صفحه 5
6-5-9-01,83,5,6,6-5-9,ثبت دستور پرداخت مستمر - از طریق مراجعه به شعبه,1,NO_FEE,بدون کارمزد,حقیقی,,,,,,,,,,,,,,,,برای اشخاص حقیقی: بدون کارمزد,"برای اشخاص حقیقی: بدون کارمزد؛ برای اشخاص حقوقی: 100,000 ریال برای هر بار تعریف",پیوست (کارمزدهای ریالی).pdf - صفحه 5
6-5-9-02,83,5,6,6-5-9,ثبت دستور پرداخت مستمر - از طریق مراجعه به شعبه,2,FIXED_AMOUNT,دارای کارمزد,حقوقی,,,,100000,,,,,,,,هر بار,,,,"برای اشخاص حقوقی: 100,000 ریال برای هر بار تعریف","برای اشخاص حقیقی: بدون کارمزد؛ برای اشخاص حقوقی: 100,000 ریال برای هر بار تعریف",پیوست (کارمزدهای ریالی).pdf - صفحه 5
6-5-10-01,84,5,6,6-5-10,انتقال سپرده قرض الحسنه پس انداز و سرمایه گذاری مدت دار به شعب دیگر در هر شهر,1,FIXED_AMOUNT,دارای کارمزد,,,,,220000,,,,,,,,,هزینه پست,,,"220,000 ریال + هزینه پست در صورت وجود","220,000 ریال + هزینه پست در صورت وجود",پیوست (کارمزدهای ریالی).pdf - صفحه 5
6-5-11-01,85,5,6,6-5-11,انسداد یا رفع انسداد انواع حساب یا موجودی که از سوی مراجع ذی صلاح به هر طریق به مؤسسه اعتباری اعلام می گردد,1,NO_FEE,بدون کارمزد,,,,,,,,,,,,,,,,,بدون کارمزد,بدون کارمزد,پیوست (کارمزدهای ریالی).pdf - صفحه 5
6-5-12-01,86,5,6,6-5-12,صدور رمز جدید برای انواع کارت های بانکی (نقدی، اعتباری و هدیه) به درخواست مشتری - از طریق مراجعه به شعبه,1,FIXED_AMOUNT,دارای کارمزد,,,,,24000,,,,,,,,,,,,"24,000 ریال","24,000 ریال",پیوست (کارمزدهای ریالی).pdf - صفحه 5
6-5-13-01,87,5,6,6-5-13,هزینه آبونمان سالانه کارت اعتباری مراجعه,1,RATE,دارای کارمزد,,1,,دقیق,,,,,,,اعتبار تخصیص یافته به دارنده کارت,,,,,,یک درصد اعتبار تخصیص یافته به دارنده کارت,یک درصد اعتبار تخصیص یافته به دارنده کارت,پیوست (کارمزدهای ریالی).pdf - صفحه 5
6-5-14-01,88,5,6,6-5-14,بررسی تراکنش های کارت های مفقودی/سرقتی به درخواست مشتری از طریق مراجعه به شعبه,1,FIXED_AMOUNT,دارای کارمزد,,,,,40000,,,,,,,شماره پیگیری,,,,,"40,000 ریال بابت هر شماره پیگیری","40,000 ریال بابت هر شماره پیگیری",پیوست (کارمزدهای ریالی).pdf - صفحه 5
6-5-15-01,89,5,6,6-5-15,تعیین سقف برداشت/واریز به حساب به درخواست مشتری از طریق مراجعه به شعبه,1,FIXED_AMOUNT,دارای کارمزد,,,,,40000,,,,,,,,,,,,"40,000 ریال","40,000 ریال",پیوست (کارمزدهای ریالی).pdf - صفحه 5
6-5-16-01,90,5,6,6-5-16,بستن انواع حساب در شعبه ای غیر از شعبه افتتاح کننده حساب به درخواست مشتری از طریق مراجعه به شعبه,1,FIXED_AMOUNT,دارای کارمزد,,,,,100000,,,,,,,,,,,,"100,000 ریال","100,000 ریال",پیوست (کارمزدهای ریالی).pdf - صفحه 5
7-1-01,91,6,7,7-1,ارزیابی ماشین آلات و کالا,1,FIXED_AMOUNT,دارای کارمزد,,,,,4140000,,,,4000000000,مبلغ ارزیابی,مبلغ ارزیابی,,,,,,"برای مبلغ ارزیابی تا 4 میلیارد ریال: 4,140,000 ریال","تا چهار میلیارد ریال مبلغ ارزیابی: 4,140,000 ریال؛ بیش از چهار میلیارد ریال تا 800 میلیارد ریال نسبت به مازاد: 2 در هزار یا معادل تعرفه کارشناسان رسمی دادگستری، هر کدام که کمتر باشد؛ مازاد بر 800 میلیارد ریال: ارجاع به کارشناس رسمی دادگستری",پیوست (کارمزدهای ریالی).pdf - صفحه 6
7-1-02,91,6,7,7-1,ارزیابی ماشین آلات و کالا,2,RATE,دارای کارمزد,,,2,کمترِ دو مبنا,,,,4000000000,800000000000,مبلغ ارزیابی,مازاد مبلغ ارزیابی بیش از 4 میلیارد ریال,,,,تعرفه کارشناسان رسمی دادگستری,هر کدام از 2 در هزار مازاد یا تعرفه کارشناسان رسمی دادگستری که کمتر باشد,بیش از 4 میلیارد تا 800 میلیارد ریال: 2 در هزار نسبت به مازاد یا تعرفه کارشناسان رسمی دادگستری، هر کدام کمتر باشد,"تا چهار میلیارد ریال مبلغ ارزیابی: 4,140,000 ریال؛ بیش از چهار میلیارد ریال تا 800 میلیارد ریال نسبت به مازاد: 2 در هزار یا معادل تعرفه کارشناسان رسمی دادگستری، هر کدام که کمتر باشد؛ مازاد بر 800 میلیارد ریال: ارجاع به کارشناس رسمی دادگستری",پیوست (کارمزدهای ریالی).pdf - صفحه 6
7-1-03,91,6,7,7-1,ارزیابی ماشین آلات و کالا,3,REFERENCE,تعرفه مرجع,,,,,,,,800000000000,,مبلغ ارزیابی,,,,,کارشناس رسمی دادگستری,مازاد بر 800 میلیارد ریال,ارجاع به کارشناس رسمی دادگستری,"تا چهار میلیارد ریال مبلغ ارزیابی: 4,140,000 ریال؛ بیش از چهار میلیارد ریال تا 800 میلیارد ریال نسبت به مازاد: 2 در هزار یا معادل تعرفه کارشناسان رسمی دادگستری، هر کدام که کمتر باشد؛ مازاد بر 800 میلیارد ریال: ارجاع به کارشناس رسمی دادگستری",پیوست (کارمزدهای ریالی).pdf - صفحه 6
7-2-01,92,6,7,7-2,ارزیابی املاک و ساختمان,1,FIXED_AMOUNT,دارای کارمزد,,,,,4140000,,,,4000000000,مبلغ ارزیابی,مبلغ ارزیابی,,,,,,"برای مبلغ ارزیابی تا 4 میلیارد ریال: 4,140,000 ریال","تا چهار میلیارد ریال مبلغ ارزیابی: 4,140,000 ریال؛ بیش از چهار میلیارد ریال تا 800 میلیارد ریال نسبت به مازاد: 2 در هزار یا معادل تعرفه کارشناسان رسمی دادگستری، هر کدام که کمتر باشد؛ مازاد بر 800 میلیارد ریال: ارجاع به کارشناس رسمی دادگستری",پیوست (کارمزدهای ریالی).pdf - صفحه 6
7-2-02,92,6,7,7-2,ارزیابی املاک و ساختمان,2,RATE,دارای کارمزد,,,2,کمترِ دو مبنا,,,,4000000000,800000000000,مبلغ ارزیابی,مازاد مبلغ ارزیابی بیش از 4 میلیارد ریال,,,,تعرفه کارشناسان رسمی دادگستری,هر کدام از 2 در هزار مازاد یا تعرفه کارشناسان رسمی دادگستری که کمتر باشد,بیش از 4 میلیارد تا 800 میلیارد ریال: 2 در هزار نسبت به مازاد یا تعرفه کارشناسان رسمی دادگستری، هر کدام کمتر باشد,"تا چهار میلیارد ریال مبلغ ارزیابی: 4,140,000 ریال؛ بیش از چهار میلیارد ریال تا 800 میلیارد ریال نسبت به مازاد: 2 در هزار یا معادل تعرفه کارشناسان رسمی دادگستری، هر کدام که کمتر باشد؛ مازاد بر 800 میلیارد ریال: ارجاع به کارشناس رسمی دادگستری",پیوست (کارمزدهای ریالی).pdf - صفحه 6
7-2-03,92,6,7,7-2,ارزیابی املاک و ساختمان,3,REFERENCE,تعرفه مرجع,,,,,,,,800000000000,,مبلغ ارزیابی,,,,,کارشناس رسمی دادگستری,مازاد بر 800 میلیارد ریال,ارجاع به کارشناس رسمی دادگستری,"تا چهار میلیارد ریال مبلغ ارزیابی: 4,140,000 ریال؛ بیش از چهار میلیارد ریال تا 800 میلیارد ریال نسبت به مازاد: 2 در هزار یا معادل تعرفه کارشناسان رسمی دادگستری، هر کدام که کمتر باشد؛ مازاد بر 800 میلیارد ریال: ارجاع به کارشناس رسمی دادگستری",پیوست (کارمزدهای ریالی).pdf - صفحه 6
7-3-01,93,6,7,7-3,ارزیابی املاک مزروعی و باغات,1,FIXED_AMOUNT,دارای کارمزد,,,,,4140000,,,,4000000000,مبلغ ارزیابی,مبلغ ارزیابی,,,,,,"برای مبلغ ارزیابی تا 4 میلیارد ریال: 4,140,000 ریال","تا چهار میلیارد ریال مبلغ ارزیابی: 4,140,000 ریال؛ بیش از چهار میلیارد ریال تا 800 میلیارد ریال نسبت به مازاد: 2 در هزار یا معادل تعرفه کارشناسان رسمی دادگستری، هر کدام که کمتر باشد؛ مازاد بر 800 میلیارد ریال: ارجاع به کارشناس رسمی دادگستری",پیوست (کارمزدهای ریالی).pdf - صفحه 6
7-3-02,93,6,7,7-3,ارزیابی املاک مزروعی و باغات,2,RATE,دارای کارمزد,,,2,کمترِ دو مبنا,,,,4000000000,800000000000,مبلغ ارزیابی,مازاد مبلغ ارزیابی بیش از 4 میلیارد ریال,,,,تعرفه کارشناسان رسمی دادگستری,هر کدام از 2 در هزار مازاد یا تعرفه کارشناسان رسمی دادگستری که کمتر باشد,بیش از 4 میلیارد تا 800 میلیارد ریال: 2 در هزار نسبت به مازاد یا تعرفه کارشناسان رسمی دادگستری، هر کدام کمتر باشد,"تا چهار میلیارد ریال مبلغ ارزیابی: 4,140,000 ریال؛ بیش از چهار میلیارد ریال تا 800 میلیارد ریال نسبت به مازاد: 2 در هزار یا معادل تعرفه کارشناسان رسمی دادگستری، هر کدام که کمتر باشد؛ مازاد بر 800 میلیارد ریال: ارجاع به کارشناس رسمی دادگستری",پیوست (کارمزدهای ریالی).pdf - صفحه 6
7-3-03,93,6,7,7-3,ارزیابی املاک مزروعی و باغات,3,REFERENCE,تعرفه مرجع,,,,,,,,800000000000,,مبلغ ارزیابی,,,,,کارشناس رسمی دادگستری,مازاد بر 800 میلیارد ریال,ارجاع به کارشناس رسمی دادگستری,"تا چهار میلیارد ریال مبلغ ارزیابی: 4,140,000 ریال؛ بیش از چهار میلیارد ریال تا 800 میلیارد ریال نسبت به مازاد: 2 در هزار یا معادل تعرفه کارشناسان رسمی دادگستری، هر کدام که کمتر باشد؛ مازاد بر 800 میلیارد ریال: ارجاع به کارشناس رسمی دادگستری",پیوست (کارمزدهای ریالی).pdf - صفحه 6
7-4-01,94,6,7,7-4,ارزیابی میزان پیشرفت فیزیکی طرح های موضوع تسهیلات مشارکت مدنی (برآورد هزینه و آورده غیرنقدی شریک),1,FIXED_AMOUNT,دارای کارمزد,,,,,4140000,,,,4000000000,مبلغ ارزیابی,مبلغ ارزیابی,,,,,,"برای مبلغ ارزیابی تا 4 میلیارد ریال: 4,140,000 ریال","تا چهار میلیارد ریال مبلغ ارزیابی: 4,140,000 ریال؛ بیش از چهار میلیارد ریال تا 800 میلیارد ریال نسبت به مازاد: 2 در هزار یا معادل تعرفه کارشناسان رسمی دادگستری، هر کدام که کمتر باشد؛ مازاد بر 800 میلیارد ریال: ارجاع به کارشناس رسمی دادگستری",پیوست (کارمزدهای ریالی).pdf - صفحه 6
7-4-02,94,6,7,7-4,ارزیابی میزان پیشرفت فیزیکی طرح های موضوع تسهیلات مشارکت مدنی (برآورد هزینه و آورده غیرنقدی شریک),2,RATE,دارای کارمزد,,,2,کمترِ دو مبنا,,,,4000000000,800000000000,مبلغ ارزیابی,مازاد مبلغ ارزیابی بیش از 4 میلیارد ریال,,,,تعرفه کارشناسان رسمی دادگستری,هر کدام از 2 در هزار مازاد یا تعرفه کارشناسان رسمی دادگستری که کمتر باشد,بیش از 4 میلیارد تا 800 میلیارد ریال: 2 در هزار نسبت به مازاد یا تعرفه کارشناسان رسمی دادگستری، هر کدام کمتر باشد,"تا چهار میلیارد ریال مبلغ ارزیابی: 4,140,000 ریال؛ بیش از چهار میلیارد ریال تا 800 میلیارد ریال نسبت به مازاد: 2 در هزار یا معادل تعرفه کارشناسان رسمی دادگستری، هر کدام که کمتر باشد؛ مازاد بر 800 میلیارد ریال: ارجاع به کارشناس رسمی دادگستری",پیوست (کارمزدهای ریالی).pdf - صفحه 6
7-4-03,94,6,7,7-4,ارزیابی میزان پیشرفت فیزیکی طرح های موضوع تسهیلات مشارکت مدنی (برآورد هزینه و آورده غیرنقدی شریک),3,REFERENCE,تعرفه مرجع,,,,,,,,800000000000,,مبلغ ارزیابی,,,,,کارشناس رسمی دادگستری,مازاد بر 800 میلیارد ریال,ارجاع به کارشناس رسمی دادگستری,"تا چهار میلیارد ریال مبلغ ارزیابی: 4,140,000 ریال؛ بیش از چهار میلیارد ریال تا 800 میلیارد ریال نسبت به مازاد: 2 در هزار یا معادل تعرفه کارشناسان رسمی دادگستری، هر کدام که کمتر باشد؛ مازاد بر 800 میلیارد ریال: ارجاع به کارشناس رسمی دادگستری",پیوست (کارمزدهای ریالی).pdf - صفحه 6
7-5-01,95,6,7,7-5,بازدید تسهیلات تعمیر مسکن/بازدید نوبت های اضافی تسهیلات تعمیر مسکن در قالب کلیه عقود,1,FIXED_AMOUNT,دارای کارمزد,,,,,1000000,,,,,,,,,,,,"مقطوع 1,000,000 ریال","مقطوع 1,000,000 ریال",پیوست (کارمزدهای ریالی).pdf - صفحه 6
7-6-01,96,6,7,7-6,ارزیابی مجدد به درخواست مشتری (به غیر از تسهیلات جعاله تعمیر مسکن),1,NO_FEE,بدون کارمزد,,,,,,,,,,,,,,,,ارزیابی مجدد به درخواست مؤسسه اعتباری یا سایر مراجع ذی صلاح,کارمزدی از مشتری اخذ نمی شود,الف) در صورت ارزیابی مجدد به درخواست مؤسسه اعتباری یا سایر مراجع ذی صلاح، کارمزدی از مشتری اخذ نخواهد شد. ب) در صورت ارزیابی مجدد به درخواست مشتری و تا 6 ماه پس از ارزیابی قبلی، حداکثر کارمزد قابل مطالبه 30 درصد رقم کل کارمزد ارزیابی است؛ پس از 6 ماه، کارمزد ارزیابی در چارچوب ردیف های 7-1 تا 7-4 دریافت می شود,پیوست (کارمزدهای ریالی).pdf - صفحه 6
7-6-02,96,6,7,7-6,ارزیابی مجدد به درخواست مشتری (به غیر از تسهیلات جعاله تعمیر مسکن),2,RATE,دارای کارمزد,,30,,حداکثر,,,,,,,رقم کل کارمزد ارزیابی قبلی,,,,,ارزیابی مجدد به درخواست مشتری تا 6 ماه پس از ارزیابی قبلی,حداکثر 30 درصد رقم کل کارمزد ارزیابی,الف) در صورت ارزیابی مجدد به درخواست مؤسسه اعتباری یا سایر مراجع ذی صلاح، کارمزدی از مشتری اخذ نخواهد شد. ب) در صورت ارزیابی مجدد به درخواست مشتری و تا 6 ماه پس از ارزیابی قبلی، حداکثر کارمزد قابل مطالبه 30 درصد رقم کل کارمزد ارزیابی است؛ پس از 6 ماه، کارمزد ارزیابی در چارچوب ردیف های 7-1 تا 7-4 دریافت می شود,پیوست (کارمزدهای ریالی).pdf - صفحه 6
7-6-03,96,6,7,7-6,ارزیابی مجدد به درخواست مشتری (به غیر از تسهیلات جعاله تعمیر مسکن),3,REFERENCE,تعرفه مرجع,,,,,,,,,,,,,,,ردیف های 7-1 تا 7-4,درخواست مشتری پس از 6 ماه از ارزیابی قبلی,کارمزد در چارچوب ردیف های 7-1 تا 7-4,الف) در صورت ارزیابی مجدد به درخواست مؤسسه اعتباری یا سایر مراجع ذی صلاح، کارمزدی از مشتری اخذ نخواهد شد. ب) در صورت ارزیابی مجدد به درخواست مشتری و تا 6 ماه پس از ارزیابی قبلی، حداکثر کارمزد قابل مطالبه 30 درصد رقم کل کارمزد ارزیابی است؛ پس از 6 ماه، کارمزد ارزیابی در چارچوب ردیف های 7-1 تا 7-4 دریافت می شود,پیوست (کارمزدهای ریالی).pdf - صفحه 6
7-7-01,97,6,7,7-7,ارزیابی وثایق غیرمنقول مازاد,1,FIXED_AMOUNT,دارای کارمزد,,,,,4140000,,,,4000000000,مبلغ ارزیابی,مبلغ ارزیابی,,,,,,"برای مبلغ ارزیابی تا 4 میلیارد ریال: 4,140,000 ریال","تا چهار میلیارد ریال مبلغ ارزیابی: 4,140,000 ریال؛ بیش از چهار میلیارد ریال تا 800 میلیارد ریال نسبت به مازاد: 2 در هزار یا معادل تعرفه کارشناسان رسمی دادگستری، هر کدام که کمتر باشد؛ مازاد بر 800 میلیارد ریال: ارجاع به کارشناس رسمی دادگستری",پیوست (کارمزدهای ریالی).pdf - صفحه 6
7-7-02,97,6,7,7-7,ارزیابی وثایق غیرمنقول مازاد,2,RATE,دارای کارمزد,,,2,کمترِ دو مبنا,,,,4000000000,800000000000,مبلغ ارزیابی,مازاد مبلغ ارزیابی بیش از 4 میلیارد ریال,,,,تعرفه کارشناسان رسمی دادگستری,هر کدام از 2 در هزار مازاد یا تعرفه کارشناسان رسمی دادگستری که کمتر باشد,بیش از 4 میلیارد تا 800 میلیارد ریال: 2 در هزار نسبت به مازاد یا تعرفه کارشناسان رسمی دادگستری، هر کدام کمتر باشد,"تا چهار میلیارد ریال مبلغ ارزیابی: 4,140,000 ریال؛ بیش از چهار میلیارد ریال تا 800 میلیارد ریال نسبت به مازاد: 2 در هزار یا معادل تعرفه کارشناسان رسمی دادگستری، هر کدام که کمتر باشد؛ مازاد بر 800 میلیارد ریال: ارجاع به کارشناس رسمی دادگستری",پیوست (کارمزدهای ریالی).pdf - صفحه 6
7-7-03,97,6,7,7-7,ارزیابی وثایق غیرمنقول مازاد,3,REFERENCE,تعرفه مرجع,,,,,,,,800000000000,,مبلغ ارزیابی,,,,,کارشناس رسمی دادگستری,مازاد بر 800 میلیارد ریال,ارجاع به کارشناس رسمی دادگستری,"تا چهار میلیارد ریال مبلغ ارزیابی: 4,140,000 ریال؛ بیش از چهار میلیارد ریال تا 800 میلیارد ریال نسبت به مازاد: 2 در هزار یا معادل تعرفه کارشناسان رسمی دادگستری، هر کدام که کمتر باشد؛ مازاد بر 800 میلیارد ریال: ارجاع به کارشناس رسمی دادگستری",پیوست (کارمزدهای ریالی).pdf - صفحه 6
8-1-01,98,7,8,8-1,اخذ استعلام اعتبارسنجی از شرکت رتبه بندی اعتباری ایران,1,REFERENCE,تعرفه مرجع,,,,,,,,,,,,,,,تعرفه ابلاغی بانک مرکزی,,مطابق تعرفه ابلاغی بانک مرکزی به شرکت مذکور,مطابق تعرفه ابلاغی بانک مرکزی به شرکت مذکور,پیوست (کارمزدهای ریالی).pdf - صفحه 7
8-2-01,99,7,8,8-2,واگذاری سهم الشرکه بانک به غیر (1),1,REFERENCE,تعرفه مرجع,,,,,,,,,,,,,,,تعرفه ارزیابی اموال منقول و غیرمنقول مندرج در سرفصل 7,,مطابق تعرفه ارزیابی اموال منقول و غیرمنقول مندرج در سرفصل 7,مطابق تعرفه ارزیابی اموال منقول و غیرمنقول مندرج در سرفصل 7,پیوست (کارمزدهای ریالی).pdf - صفحه 7
8-3-01,100,7,8,8-3,تمدید تسهیلات عقود مشارکتی,1,RATE,دارای کارمزد,,0.5,,دقیق,,,5760000,,,,مبلغ تسهیلات,,,,,,"0.5 درصد مبلغ تسهیلات، حداکثر 5,760,000 ریال","0.5 درصد مبلغ تسهیلات، حداکثر 5,760,000 ریال",پیوست (کارمزدهای ریالی).pdf - صفحه 7
8-4-01,101,7,8,8-4,بررسی اصالت پیش فاکتور,1,NO_FEE,بدون کارمزد,,,,,,,,,,,,,,,,,بدون کارمزد,بدون کارمزد,پیوست (کارمزدهای ریالی).pdf - صفحه 7
8-5-01,102,7,8,8-5,صلح حقوق یا انتقال تعهد,1,RATE,دارای کارمزد,,1,,دقیق,,2880000,144000000,,,,مانده اصل تسهیلات قابل انتقال,,,,,,"یک درصد مانده اصل تسهیلات قابل انتقال، حداقل 2,880,000 ریال و حداکثر 144,000,000 ریال","یک درصد مانده اصل تسهیلات قابل انتقال، حداقل 2,880,000 ریال و حداکثر 144,000,000 ریال",پیوست (کارمزدهای ریالی).pdf - صفحه 7
8-6-01,103,7,8,8-6,تغییر در شرایط قرارداد,1,FIXED_AMOUNT,دارای کارمزد,,,,,220000,,,,,,,,,,,,"مقطوع 220,000 ریال","مقطوع 220,000 ریال",پیوست (کارمزدهای ریالی).pdf - صفحه 7
8-7-01,104,7,8,8-7,تفکیک، تغییر و تعویض رهینه با وثیقه (تسهیلات و تعهدات),1,FIXED_AMOUNT,دارای کارمزد,,,,,2880000,,,,,,,,,,,,"مقطوع 2,880,000 ریال","مقطوع 2,880,000 ریال",پیوست (کارمزدهای ریالی).pdf - صفحه 7
8-8-01,105,7,8,8-8,اقاله ملک,1,FIXED_AMOUNT,دارای کارمزد,,,,,4320000,,,,,,,,,,,,"مقطوع 4,320,000 ریال","مقطوع 4,320,000 ریال",پیوست (کارمزدهای ریالی).pdf - صفحه 7
8-9-01,106,7,8,8-9,امور مربوط به نظارت بر مصرف تسهیلات (جهت انواع تسهیلاتی که به صورت دفعات واحده نیست و همچنین متناسب با پیشرفت کار پرداخت می گردد) (2),1,RATE,دارای کارمزد,,,0.5,دقیق,,,,,,,مبلغ پرداخت شده در هر مرحله قبل,,هر مرحله,,,,0.5 در هزار مبلغ پرداخت شده در هر مرحله قبل,0.5 در هزار مبلغ پرداخت شده در هر مرحله قبل,پیوست (کارمزدهای ریالی).pdf - صفحه 7
8-10-01,107,7,8,8-10,امور مربوط به بررسی رهن مازاد سایر سازمان ها و مؤسسات اعتباری,1,FIXED_AMOUNT,دارای کارمزد,,,,,2880000,,,,,,,,,,,,"مقطوع 2,880,000 ریال","مقطوع 2,880,000 ریال",پیوست (کارمزدهای ریالی).pdf - صفحه 7
8-11-01,108,7,8,8-11,تکمیل فرم یارانه تسهیلات تکلیفی,1,FIXED_AMOUNT,دارای کارمزد,,,,,264000,,,,,,,,,,,,"مقطوع 264,000 ریال","مقطوع 264,000 ریال",پیوست (کارمزدهای ریالی).pdf - صفحه 7
8-12-01,109,7,8,8-12,صدور اخطاریه کتبی جهت اقساط یا مطالبات غیرجاری,1,FIXED_AMOUNT,دارای کارمزد,,,,,576000,,,,,,,برگ,,هزینه پست + هزینه پستی,,,"هر برگ 576,000 ریال به علاوه هزینه پستی (در صورت وجود)","هر برگ 576,000 ریال به علاوه هزینه پستی (در صورت وجود)",پیوست (کارمزدهای ریالی).pdf - صفحه 7
8-13-01,110,7,8,8-13,انتقال ملک مرهونه به شخص ثالث,1,FIXED_AMOUNT,دارای کارمزد,,,,,2880000,,,,,,,,,,,,"مقطوع 2,880,000 ریال","مقطوع 2,880,000 ریال",پیوست (کارمزدهای ریالی).pdf - صفحه 7
8-14-01,111,7,8,8-14,تغییر ضامن/گیرنده تسهیلات/تعهدات,1,FIXED_AMOUNT,دارای کارمزد,,,,,2880000,,,,,,,,,,,,"مقطوع 2,880,000 ریال","مقطوع 2,880,000 ریال",پیوست (کارمزدهای ریالی).pdf - صفحه 7
8-15-01,112,7,8,8-15,عدم استفاده از حد اعتباری تسهیلات مصوب پس از 45 روز از تاریخ ابلاغ (Commitment fee),1,RATE,دارای کارمزد,,1,,دقیق,,,,,,,مانده استفاده نشده,,سالانه,,,,یک درصد در سال به ازای مانده استفاده نشده از تاریخ ابلاغ,یک درصد در سال به ازای مانده استفاده نشده از تاریخ ابلاغ,پیوست (کارمزدهای ریالی).pdf - صفحه 7
8-16-01,113,7,8,8-16,هزینه کارشناسی (ارزیابی) طرح ها,1,RATE,دارای کارمزد,,,0.5,جزء از سقف کل,,,,,,,مبلغ درخواستی,,,,,هنگام پذیرش طرح/درخواست؛ غیرقابل برگشت,0.5 در هزار مبلغ درخواستی در هنگام پذیرش، غیرقابل برگشت,1.5 در هزار تسهیلات مصوب (فقط سهم بانک)، شامل 0.5 در هزار مبلغ درخواستی در هنگام پذیرش طرح که از مشتری اخذ شده و غیرقابل برگشت است؛ مابقی در صورت تصویب تا میزان 1.5 در هزار پس از کسر 0.5 در هزار مبلغ مأخوذه قبلی، در زمان انعقاد قرارداد از مشتری اخذ می گردد,پیوست (کارمزدهای ریالی).pdf - صفحه 7
8-16-02,113,7,8,8-16,هزینه کارشناسی (ارزیابی) طرح ها,2,RATE,دارای کارمزد,,,1.5,سقف کل,,,,,,,تسهیلات مصوب (فقط سهم بانک),,,,,در صورت تصویب و هنگام انعقاد قرارداد؛ پس از کسر مبلغ مأخوذه مرحله قبل,کل کارمزد تا 1.5 در هزار تسهیلات مصوب؛ مابقی پس از کسر 0.5 در هزار قبلی اخذ می شود,1.5 در هزار تسهیلات مصوب (فقط سهم بانک)، شامل 0.5 در هزار مبلغ درخواستی در هنگام پذیرش طرح که از مشتری اخذ شده و غیرقابل برگشت است؛ مابقی در صورت تصویب تا میزان 1.5 در هزار پس از کسر 0.5 در هزار مبلغ مأخوذه قبلی، در زمان انعقاد قرارداد از مشتری اخذ می گردد,پیوست (کارمزدهای ریالی).pdf - صفحه 7
8-17-01,114,7,8,8-17,هزینه کارشناسی تسهیلات سرمایه در گردش (3),1,RATE,دارای کارمزد,,,0.5,دقیق,,,,,,,تسهیلات مصوب,,,,,,0.5 در هزار تسهیلات مصوب (فقط سهم بانک),0.5 در هزار تسهیلات مصوب (فقط سهم بانک),پیوست (کارمزدهای ریالی).pdf - صفحه 7
8-18-01,115,7,8,8-18,هزینه کارشناسی کالای سرمایه ای واحدهای تولیدی، خدماتی و بازرگانی خارج از طرح (4),1,RATE,دارای کارمزد,,,0.5,جزء از سقف کل,,,,,,,مبلغ درخواستی,,,,,هنگام پذیرش طرح/درخواست؛ غیرقابل برگشت,0.5 در هزار مبلغ درخواستی در هنگام پذیرش، غیرقابل برگشت,1.5 در هزار تسهیلات مصوب (فقط سهم بانک) جهت تأمین کالاهای سرمایه ای، شامل 0.5 در هزار مبلغ درخواستی در هنگام پذیرش که از مشتری اخذ شده و غیرقابل برگشت است؛ مابقی در صورت تصویب تا میزان 1.5 در هزار پس از کسر 0.5 در هزار مبلغ مأخوذه قبلی، در زمان انعقاد قرارداد از مشتری اخذ می گردد,پیوست (کارمزدهای ریالی).pdf - صفحه 7
8-18-02,115,7,8,8-18,هزینه کارشناسی کالای سرمایه ای واحدهای تولیدی، خدماتی و بازرگانی خارج از طرح (4),2,RATE,دارای کارمزد,,,1.5,سقف کل,,,,,,,تسهیلات مصوب (فقط سهم بانک),,,,,در صورت تصویب و هنگام انعقاد قرارداد؛ پس از کسر مبلغ مأخوذه مرحله قبل,کل کارمزد تا 1.5 در هزار تسهیلات مصوب؛ مابقی پس از کسر 0.5 در هزار قبلی اخذ می شود,1.5 در هزار تسهیلات مصوب (فقط سهم بانک) جهت تأمین کالاهای سرمایه ای، شامل 0.5 در هزار مبلغ درخواستی در هنگام پذیرش که از مشتری اخذ شده و غیرقابل برگشت است؛ مابقی در صورت تصویب تا میزان 1.5 در هزار پس از کسر 0.5 در هزار مبلغ مأخوذه قبلی، در زمان انعقاد قرارداد از مشتری اخذ می گردد,پیوست (کارمزدهای ریالی).pdf - صفحه 7
8-19-01,116,7,8,8-19,هزینه کارشناسی در ایجاد تعهدات (ضمانتنامه، برات، فاکتورینگ، گشایش اعتبار اسنادی و غیره),1,RATE,دارای کارمزد,,,0.5,دقیق,,,,,,,مبلغ تعهد مورد درخواست,,,,,,0.5 در هزار مبلغ تعهد مورد درخواست,0.5 در هزار مبلغ تعهد مورد درخواست,پیوست (کارمزدهای ریالی).pdf - صفحه 7
8-20-01,117,7,8,8-20,تهیه گزارش اطلاعات اعتباری مشتمل بر استعلام از شاهکار، آدرس، استفاده از سامانه های داخلی، لیست سیاه و ... (تسهیلات/تعهدات),1,FIXED_AMOUNT,دارای کارمزد,حقیقی,,,,720000,,,,,,,,,,,,"اشخاص حقیقی: 720,000 ریال (5)","اشخاص حقیقی: 720,000 ریال (5)؛ اشخاص حقوقی: 2,880,000 ریال (6)",پیوست (کارمزدهای ریالی).pdf - صفحه 7
8-20-02,117,7,8,8-20,تهیه گزارش اطلاعات اعتباری مشتمل بر استعلام از شاهکار، آدرس، استفاده از سامانه های داخلی، لیست سیاه و ... (تسهیلات/تعهدات),2,FIXED_AMOUNT,دارای کارمزد,حقوقی,,,,2880000,,,,,,,,,,,,"اشخاص حقوقی: 2,880,000 ریال (6)","اشخاص حقیقی: 720,000 ریال (5)؛ اشخاص حقوقی: 2,880,000 ریال (6)",پیوست (کارمزدهای ریالی).pdf - صفحه 7
8-21-01,118,7,8,8-21,تشکیل پرونده اعتباری اعم از تعهدات یا تسهیلات (به استثنای قرض الحسنه),1,FIXED_AMOUNT,دارای کارمزد,,,,,576000,,,,,,,,,,,,"576,000 ریال","576,000 ریال",پیوست (کارمزدهای ریالی).pdf - صفحه 7
8-22-01,119,7,8,8-22,پذیرش اوراق گواهی حق تقدم هنگام پرداخت تسهیلات,1,RATE,دارای کارمزد,,,1,دقیق,,,,,,,مبلغ تسهیلات,,,,,,یک در هزار مبلغ تسهیلات,یک در هزار مبلغ تسهیلات,پیوست (کارمزدهای ریالی).pdf - صفحه 7
8-23-01,120,7,8,8-23,ارائه صورت اطلاعات تسهیلات و تعهدات به درخواست مشتری,1,FIXED_AMOUNT,دارای کارمزد,,,,,120000,,,,,,,برگ,,,,,"120,000 ریال برای هر برگ","120,000 ریال برای هر برگ",پیوست (کارمزدهای ریالی).pdf - صفحه 7
8-24-01,121,7,8,8-24,تغییر شرایط مصوبات ابلاغی صادره از سوی ارکان اعتباری بالاتر از رکن اعتباری شعبه به درخواست مشتری و منوط به صدور مصوبه جدید (تسهیلات/تعهدات),1,FIXED_AMOUNT,دارای کارمزد,حقیقی,,,,1100000,,,,,,,,,,,,"اشخاص حقیقی: مقطوع 1,100,000 ریال","برای اشخاص حقیقی: مقطوع 1,100,000 ریال؛ برای اشخاص حقوقی: 0.5 درصد مبلغ تسهیلات مصوب، حداقل 1,100,000 ریال و حداکثر 6,000,000 ریال",پیوست (کارمزدهای ریالی).pdf - صفحه 7
8-24-02,121,7,8,8-24,تغییر شرایط مصوبات ابلاغی صادره از سوی ارکان اعتباری بالاتر از رکن اعتباری شعبه به درخواست مشتری و منوط به صدور مصوبه جدید (تسهیلات/تعهدات),2,RATE,دارای کارمزد,حقوقی,0.5,,,,1100000,6000000,,,,مبلغ تسهیلات مصوب,,,,,,"اشخاص حقوقی: 0.5 درصد مبلغ تسهیلات مصوب؛ حداقل 1,100,000 و حداکثر 6,000,000 ریال","برای اشخاص حقیقی: مقطوع 1,100,000 ریال؛ برای اشخاص حقوقی: 0.5 درصد مبلغ تسهیلات مصوب، حداقل 1,100,000 ریال و حداکثر 6,000,000 ریال",پیوست (کارمزدهای ریالی).pdf - صفحه 7
8-25-01,122,7,8,8-25,موافقت با تنظیم اجاره نامه بر روی هر واحد مورد رهن,1,NO_FEE,بدون کارمزد,حقیقی,,,,,,,,,,,,,,,,برای اشخاص حقیقی: بدون کارمزد,"برای اشخاص حقیقی: بدون کارمزد؛ برای اشخاص حقوقی: مقطوع 1,200,000 ریال",پیوست (کارمزدهای ریالی).pdf - صفحه 7
8-25-02,122,7,8,8-25,موافقت با تنظیم اجاره نامه بر روی هر واحد مورد رهن,2,FIXED_AMOUNT,دارای کارمزد,حقوقی,,,,1200000,,,,,,,,,,,,"برای اشخاص حقوقی: مقطوع 1,200,000 ریال","برای اشخاص حقیقی: بدون کارمزد؛ برای اشخاص حقوقی: مقطوع 1,200,000 ریال",پیوست (کارمزدهای ریالی).pdf - صفحه 7
8-26-01,123,7,8,8-26,بررسی و تصویب درخواست امهال (7),1,RATE,دارای کارمزد,,,0.2,دقیق,,,120000000,,,,مبلغ مورد امهال,,,,,,0.2 در هزار مبلغ مورد امهال، حداکثر 120 میلیون ریال,0.2 در هزار مبلغ مورد امهال، حداکثر 120 میلیون ریال,پیوست (کارمزدهای ریالی).pdf - صفحه 7
8-27-01,124,7,8,8-27,توقف عملیات اجرایی در هر نوبت بعد از صدور اجرائیه نسبت به قراردادهای رهنی، داخلی و چک به تقاضای بدهکار/راهن/سایر ذی نفعان (ضامنین، اشخاص ثالث و غیره),1,RATE,دارای کارمزد,,,0.2,دقیق,,,120000000,,,,کل بدهی,,,,,,0.2 در هزار کل بدهی، حداکثر 120 میلیون ریال,0.2 در هزار کل بدهی، حداکثر 120 میلیون ریال,پیوست (کارمزدهای ریالی).pdf - صفحه 7
8-28-01,125,7,8,8-28,هزینه استعلام از سازمان ثبت احوال کشور,1,REFERENCE,تعرفه مرجع,,,,,,,,,,,,,,,تعرفه اعلامی سازمان ثبت احوال کشور,,معادل تعرفه اعلامی از سوی سازمان ثبت احوال کشور (مندرج در قانون بودجه سنواتی),معادل تعرفه اعلامی از سوی سازمان ثبت احوال کشور (مندرج در قانون بودجه سنواتی),پیوست (کارمزدهای ریالی).pdf - صفحه 7
8-29-01,126,7,8,8-29,ثبت و نگهداری سفته های تضمینی,1,NO_FEE,بدون کارمزد,حقیقی,,,,,,,,,,,,,,,,اشخاص حقیقی: بدون کارمزد,"اشخاص حقیقی: بدون کارمزد؛ اشخاص حقوقی: مقطوع 120,000 ریال",پیوست (کارمزدهای ریالی).pdf - صفحه 7
8-29-02,126,7,8,8-29,ثبت و نگهداری سفته های تضمینی,2,FIXED_AMOUNT,دارای کارمزد,حقوقی,,,,120000,,,,,,,,,,,,"اشخاص حقوقی: مقطوع 120,000 ریال","اشخاص حقیقی: بدون کارمزد؛ اشخاص حقوقی: مقطوع 120,000 ریال",پیوست (کارمزدهای ریالی).pdf - صفحه 7
8-30-01,127,7,8,8-30,انتقال قراردادهای تسهیلاتی,1,FIXED_AMOUNT,دارای کارمزد,,,,,240000,,,,,,,,,هزینه پست,,,"240,000 ریال + هزینه پست در صورت وجود","240,000 ریال + هزینه پست در صورت وجود",پیوست (کارمزدهای ریالی).pdf - صفحه 7
8-31-01,128,7,8,8-31,موافقت با تجمیع دو یا چند پلاک به منظور پرداخت تسهیلات مشارکت,1,NO_FEE,بدون کارمزد,,,,,,,,,,,,,,,,,بدون کارمزد,بدون کارمزد,پیوست (کارمزدهای ریالی).pdf - صفحه 7
8-32-01,129,7,8,8-32,موافقت با تغییر و اصلاح حدود اربعه پلاک در رهن بانک,1,NO_FEE,بدون کارمزد,حقیقی,,,,,,,,,,,,,,,,برای اشخاص حقیقی: بدون کارمزد,"برای اشخاص حقیقی: بدون کارمزد؛ برای اشخاص حقوقی: 1,000,000 ریال",پیوست (کارمزدهای ریالی).pdf - صفحه 7
8-32-02,129,7,8,8-32,موافقت با تغییر و اصلاح حدود اربعه پلاک در رهن بانک,2,FIXED_AMOUNT,دارای کارمزد,حقوقی,,,,1000000,,,,,,,,,,,,"برای اشخاص حقوقی: 1,000,000 ریال","برای اشخاص حقیقی: بدون کارمزد؛ برای اشخاص حقوقی: 1,000,000 ریال",پیوست (کارمزدهای ریالی).pdf - صفحه 7
8-33-01,130,7,8,8-33,درخواست تمدید مدت تعویض وثیقه غیر همزمان,1,NO_FEE,بدون کارمزد,حقیقی,,,,,,,,,,,,,,,,برای اشخاص حقیقی: بدون کارمزد,"برای اشخاص حقیقی: بدون کارمزد؛ برای اشخاص حقوقی: 1,000,000 ریال",پیوست (کارمزدهای ریالی).pdf - صفحه 7
8-33-02,130,7,8,8-33,درخواست تمدید مدت تعویض وثیقه غیر همزمان,2,FIXED_AMOUNT,دارای کارمزد,حقوقی,,,,1000000,,,,,,,,,,,,"برای اشخاص حقوقی: 1,000,000 ریال","برای اشخاص حقیقی: بدون کارمزد؛ برای اشخاص حقوقی: 1,000,000 ریال",پیوست (کارمزدهای ریالی).pdf - صفحه 7
8-34-01,131,7,8,8-34,موافقت با تنظیم سند پیش فروش روی واحد مورد مشارکت بانک,1,NO_FEE,بدون کارمزد,حقیقی,,,,,,,,,,,,,,,,برای اشخاص حقیقی: بدون کارمزد,"برای اشخاص حقیقی: بدون کارمزد؛ برای اشخاص حقوقی: 1,000,000 ریال",پیوست (کارمزدهای ریالی).pdf - صفحه 7
8-34-02,131,7,8,8-34,موافقت با تنظیم سند پیش فروش روی واحد مورد مشارکت بانک,2,FIXED_AMOUNT,دارای کارمزد,حقوقی,,,,1000000,,,,,,,,,,,,"برای اشخاص حقوقی: 1,000,000 ریال","برای اشخاص حقیقی: بدون کارمزد؛ برای اشخاص حقوقی: 1,000,000 ریال",پیوست (کارمزدهای ریالی).pdf - صفحه 7
8-35-01,132,7,8,8-35,تنظیم پیش نویس و ثبت سند رهنی در سیستم,1,NO_FEE,بدون کارمزد,حقیقی,,,,,,,,,,,,,,,,برای اشخاص حقیقی: بدون کارمزد,"برای اشخاص حقیقی: بدون کارمزد؛ برای اشخاص حقوقی: 1,000,000 ریال",پیوست (کارمزدهای ریالی).pdf - صفحه 7
8-35-02,132,7,8,8-35,تنظیم پیش نویس و ثبت سند رهنی در سیستم,2,FIXED_AMOUNT,دارای کارمزد,حقوقی,,,,1000000,,,,,,,,,,,,"برای اشخاص حقوقی: 1,000,000 ریال","برای اشخاص حقیقی: بدون کارمزد؛ برای اشخاص حقوقی: 1,000,000 ریال",پیوست (کارمزدهای ریالی).pdf - صفحه 7
8-36-01,133,7,8,8-36,تمدید پیش نویس قراردادهای رهنی پس از طی مهلت یک ماهه,1,NO_FEE,بدون کارمزد,,,,,,,,,,,,,,,,,بدون کارمزد,بدون کارمزد,پیوست (کارمزدهای ریالی).pdf - صفحه 7
8-37-01,134,7,8,8-37,اصلاح یا برگشت مبلغ اضافه واریزی اقساط (به درخواست مشتری),1,NO_FEE,بدون کارمزد,حقیقی,,,,,,,,,,,,,,,,برای اشخاص حقیقی: بدون کارمزد,"برای اشخاص حقیقی: بدون کارمزد؛ برای اشخاص حقوقی: 1,000,000 ریال",پیوست (کارمزدهای ریالی).pdf - صفحه 7
8-37-02,134,7,8,8-37,اصلاح یا برگشت مبلغ اضافه واریزی اقساط (به درخواست مشتری),2,FIXED_AMOUNT,دارای کارمزد,حقوقی,,,,1000000,,,,,,,,,,,,"برای اشخاص حقوقی: 1,000,000 ریال","برای اشخاص حقیقی: بدون کارمزد؛ برای اشخاص حقوقی: 1,000,000 ریال",پیوست (کارمزدهای ریالی).pdf - صفحه 7
8-38-01,135,7,8,8-38,تشکیل پرونده برای پرداخت بیمه غرامت فوت گیرندگان تسهیلات,1,NO_FEE,بدون کارمزد,,,,,,,,,,,,,,,,,بدون کارمزد,بدون کارمزد,پیوست (کارمزدهای ریالی).pdf - صفحه 7
8-39-01,136,7,8,8-39,وصول مطالبات اعم از برون سپاری به مؤسسات/شرکت های ذی ربط یا توسط خود مؤسسه اعتباری,1,NO_FEE,بدون کارمزد,,,,,,,,,,,,,,,,,بدون کارمزد,بدون کارمزد,پیوست (کارمزدهای ریالی).pdf - صفحه 7
9-1-01,137,8,9,9-1,نگهداری مانده های مطالبه نشده و راکد (سالانه),1,FIXED_AMOUNT,دارای کارمزد,,,,,30000,,,,,,,,,,,,"30,000 ریال","30,000 ریال",پیوست (کارمزدهای ریالی).pdf - صفحه 8
9-2-01,138,8,9,9-2,تهیه تصویر (صدور سند المثنی)/چاپ مجدد اسناد روزهای قبل به درخواست مشتری (1),1,FIXED_AMOUNT,دارای کارمزد,,,,,57600,,,,,,,,,,,,"57,600 ریال","57,600 ریال",پیوست (کارمزدهای ریالی).pdf - صفحه 8
9-3-01,139,8,9,9-3,بازیابی تصاویر دوربین های مدار بسته (اعم از داخل و بیرون) شعب به درخواست مشتری/دستور مرجع قضایی,1,NO_FEE,بدون کارمزد,,,,,,,,,,,,,,,,,بدون کارمزد,بدون کارمزد,پیوست (کارمزدهای ریالی).pdf - صفحه 8
9-4-01,140,8,9,9-4,اطلاعات درخواستی مشتریان جهت ارائه به بازرسان قانونی و حسابرسان مستقل آن ها,1,FIXED_AMOUNT,دارای کارمزد,,,,,1008000,,,,,,,حساب,,,,,"به ازای هر حساب 1,008,000 ریال","به ازای هر حساب 1,008,000 ریال",پیوست (کارمزدهای ریالی).pdf - صفحه 8
9-5-01,141,8,9,9-5,گواهی اعلام بدهی و یا مانده هرگونه از حساب ها به مراجع ذی صلاح به درخواست مشتری (2),1,FIXED_AMOUNT,دارای کارمزد,,,,,288000,,,,,,,,,,,,"288,000 ریال","288,000 ریال",پیوست (کارمزدهای ریالی).pdf - صفحه 8
9-6-01,142,8,9,9-6,دریافت حضوری قبوض آب، برق، گاز، تلفن (ثابت-همراه)، شهرداری، راهنمایی و رانندگی و موارد مشابه (از سازمان/شرکت ذی ربط),1,FIXED_AMOUNT,دارای کارمزد,,,,,57600,,,,,,,,,,,,"57,600 ریال","57,600 ریال",پیوست (کارمزدهای ریالی).pdf - صفحه 8
9-7-01,143,8,9,9-7,تأیید اصالت وکالتنامه,1,FIXED_AMOUNT,دارای کارمزد,,,,,120000,,,,,,,,,,,,"120,000 ریال","120,000 ریال",پیوست (کارمزدهای ریالی).pdf - صفحه 8
9-8-01,144,8,9,9-8,ارائه تأییدیه شماره حساب و شماره شبا به سایر سازمان ها بنا به درخواست مشتری,1,NO_FEE,بدون کارمزد,حقیقی,,,,,,,,,,,,,,,,برای اشخاص حقیقی: بدون کارمزد,"برای اشخاص حقیقی: بدون کارمزد؛ برای اشخاص حقوقی: 20,000 ریال",پیوست (کارمزدهای ریالی).pdf - صفحه 8
9-8-02,144,8,9,9-8,ارائه تأییدیه شماره حساب و شماره شبا به سایر سازمان ها بنا به درخواست مشتری,2,FIXED_AMOUNT,دارای کارمزد,حقوقی,,,,20000,,,,,,,,,,,,"برای اشخاص حقوقی: 20,000 ریال","برای اشخاص حقیقی: بدون کارمزد؛ برای اشخاص حقوقی: 20,000 ریال",پیوست (کارمزدهای ریالی).pdf - صفحه 8
9-9-01,145,8,9,9-9,محاسبه و پرداخت سهم الارث وراث از حساب متوفی (حسب مدارک مثبته),1,NO_FEE,بدون کارمزد,,,,,,,,,,,,,,,,,بدون کارمزد,بدون کارمزد,پیوست (کارمزدهای ریالی).pdf - صفحه 8
9-10-01,146,8,9,9-10,اخذ کد بورسی به درخواست مشتری از طریق مراجعه به شعبه,1,FIXED_AMOUNT,دارای کارمزد,,,,,100000,,,,,,,,,,,,"100,000 ریال","100,000 ریال",پیوست (کارمزدهای ریالی).pdf - صفحه 8
9-11-01,147,8,9,9-11,ارائه خدمات مربوط به ETC برای بار اول,1,FIXED_AMOUNT,دارای کارمزد,,,,,40000,,,,,,,,,هزینه برچسب,,,"40,000 ریال + هزینه برچسب","40,000 ریال + هزینه برچسب",پیوست (کارمزدهای ریالی).pdf - صفحه 8
9-12-01,148,8,9,9-12,اخذ استعلام وضعیت اعتباری (تسهیلات و تعهدات) و ماده (21) حساب جاری از سامانه بانک مرکزی جهت ارائه به سایر سازمان ها و نهادها,1,NO_FEE,بدون کارمزد,,,,,,,,,,,,,,,,,بدون کارمزد,بدون کارمزد,پیوست (کارمزدهای ریالی).pdf - صفحه 8
9-13-01,149,8,9,9-13,ارائه تصویر مدارک موجود در پرونده تسهیلاتی یا قراردادهای افتتاح حساب اشخاص حقیقی به تسهیلات گیرنده یا صاحب حساب,1,NO_FEE,بدون کارمزد,,,,,,,,,,,,,,,,,بدون کارمزد,بدون کارمزد,پیوست (کارمزدهای ریالی).pdf - صفحه 8
9-14-01,150,8,9,9-14,استعلام مربوط به اخذ فرم ماده (186) قانون مالیات های مستقیم,1,FIXED_AMOUNT,دارای کارمزد,,,,,140000,,,,,,,,,,,,"140,000 ریال","140,000 ریال",پیوست (کارمزدهای ریالی).pdf - صفحه 8
9-15-01,151,8,9,9-15,استعلام و به روزرسانی کدپستی به درخواست مشتری (دریافت نشانی، مختصات جغرافیایی، تولید گواهی کد پستی) از طریق مراجعه به شعبه,1,FIXED_AMOUNT,دارای کارمزد,,,,,100000,,,,,,,,,هزینه استعلام,,,"100,000 ریال + هزینه استعلام در صورت وجود","100,000 ریال + هزینه استعلام در صورت وجود",پیوست (کارمزدهای ریالی).pdf - صفحه 8
9-16-01,152,8,9,9-16,انجام استعلام از مراجع ذی ربط (نظیر شهرداری، سازمان نظام وظیفه و شرکت مترو) جهت انجام/ارائه عملیات/خدمات بانکی,1,FIXED_AMOUNT,دارای کارمزد,,,,,140000,,,,,,,,,هزینه استعلام,,,"140,000 ریال + هزینه استعلام در صورت وجود","140,000 ریال + هزینه استعلام در صورت وجود",پیوست (کارمزدهای ریالی).pdf - صفحه 8
9-17-01,153,8,9,9-17,استعلام مالکیت شماره تلفن همراه از سامانه شاهکار,1,FIXED_AMOUNT,دارای کارمزد,,,,,100000,,,,,,,,,هزینه استعلام,,,"100,000 ریال + هزینه استعلام","100,000 ریال + هزینه استعلام",پیوست (کارمزدهای ریالی).pdf - صفحه 8
