tariff_code,section_no,section_code,feature_code,section_name,service_name,fee_text,fee_code,category_code,strategy,basis_type,fixed_amount,rate_value,min_fee,max_fee,rate_period_code,component_count,composite,page,source_row,config_hash
1-1,1,GAR,CBI_RIAL_1405_GUARANTEE_GROUP,صدور، تمدید، تقلیل، انتقال و ابطال ضمانتنامه شرکت در مناقصه، مزایده و سایر ضمانتنامه ها,ضمانتنامه در مقابل 100 درصد سپرده نقدی,"مقطوع 1,300,000 ریال",CBI1405R_GAR_1_1,CBI1405R_GAR,FIXED,Flat,1300000,,,,,1,خیر,1,2,c86c771375a21fae9b4b364a0171fbb6248dc271d448122341995a53a73af413
1-2,1,GAR,CBI_RIAL_1405_GUARANTEE_GROUP,صدور، تمدید، تقلیل، انتقال و ابطال ضمانتنامه شرکت در مناقصه، مزایده و سایر ضمانتنامه ها,ضمانتنامه در مقابل انواع حساب های سپرده اعم از قرض الحسنه پس انداز و سرمایه گذاری مدت دار (ریالی و ارزی),"0.5 درصد مبلغ در سال، حداقل 1,300,000 ریال",CBI1405R_GAR_1_2,CBI1405R_GAR,ANNUALIZED_PERCENTAGE,RateWithMinimumAmount,,0.005,1300000,,YEAR,1,خیر,1,3,5fb51f39f82cd2d44e83b46267a4209e35906b0ac5b2f84822b7c675f322e6f4
1-3,1,GAR,CBI_RIAL_1405_GUARANTEE_GROUP,صدور، تمدید، تقلیل، انتقال و ابطال ضمانتنامه شرکت در مناقصه، مزایده و سایر ضمانتنامه ها,ضمانتنامه در مقابل طلا (1),"0.75 درصد مبلغ در سال، حداقل 1,300,000 ریال",CBI1405R_GAR_1_3,CBI1405R_GAR,ANNUALIZED_PERCENTAGE,RateWithMinimumAmount,,0.0075,1300000,,YEAR,1,خیر,1,4,618253e38b98daef0fec577dd71fe903d95f3edb8ea69dab7a48f3a971702563
1-4,1,GAR,CBI_RIAL_1405_GUARANTEE_GROUP,صدور، تمدید، تقلیل، انتقال و ابطال ضمانتنامه شرکت در مناقصه، مزایده و سایر ضمانتنامه ها,ضمانتنامه در مقابل ضمانتنامه های صادره توسط مؤسسات اعتباری داخلی,"0.75 درصد مبلغ در سال، حداقل 1,300,000 ریال",CBI1405R_GAR_1_4,CBI1405R_GAR,ANNUALIZED_PERCENTAGE,RateWithMinimumAmount,,0.0075,1300000,,YEAR,1,خیر,1,5,59293f9c653b7b4cd641113b76b1a7ca92eda23032379d2642c8adf86779239e
1-5,1,GAR,CBI_RIAL_1405_GUARANTEE_GROUP,صدور، تمدید، تقلیل، انتقال و ابطال ضمانتنامه شرکت در مناقصه، مزایده و سایر ضمانتنامه ها,ضمانتنامه در مقابل ضمانتنامه های اعتباری (ارزی-ریالی) صادره توسط صندوق ضمانت صادرات ایران و سایر صندوق هایی که به موجب قانون تأسیس می شوند,"0.75 درصد مبلغ در سال، حداقل 1,300,000 ریال",CBI1405R_GAR_1_5,CBI1405R_GAR,ANNUALIZED_PERCENTAGE,RateWithMinimumAmount,,0.0075,1300000,,YEAR,1,خیر,1,6,309f17ce03e17f87cc5765c969d84a836619a7f33cdd4cc5d019c00f5a19c250
1-6,1,GAR,CBI_RIAL_1405_GUARANTEE_GROUP,صدور، تمدید، تقلیل، انتقال و ابطال ضمانتنامه شرکت در مناقصه، مزایده و سایر ضمانتنامه ها,ضمانتنامه در مقابل ضمانتنامه های صادره توسط بانک های خارجی معتبر,"1.75 درصد مبلغ در سال، حداقل 1,300,000 ریال",CBI1405R_GAR_1_6,CBI1405R_GAR,ANNUALIZED_PERCENTAGE,RateWithMinimumAmount,,0.0175,1300000,,YEAR,1,خیر,1,7,a4d23c0f25c7aa5e49e299c547d7fda2ebc98ca9b7bce5c2c09f865a18ae3b32
1-7,1,GAR,CBI_RIAL_1405_GUARANTEE_GROUP,صدور، تمدید، تقلیل، انتقال و ابطال ضمانتنامه شرکت در مناقصه، مزایده و سایر ضمانتنامه ها,ضمانتنامه در مقابل اوراق بهادار بدون ریسک (2),"0.5 درصد مبلغ در سال، حداقل 1,300,000 ریال",CBI1405R_GAR_1_7,CBI1405R_GAR,ANNUALIZED_PERCENTAGE,RateWithMinimumAmount,,0.005,1300000,,YEAR,1,خیر,1,8,062ae729b655acff285d7dbde94bf886bec0ded3a5d00205d7db5beda31db8c0
1-8,1,GAR,CBI_RIAL_1405_GUARANTEE_GROUP,صدور، تمدید، تقلیل، انتقال و ابطال ضمانتنامه شرکت در مناقصه، مزایده و سایر ضمانتنامه ها,ضمانتنامه در مقابل سایر اوراق بهادار (3),"1 درصد مبلغ در سال، حداقل 1,300,000 ریال",CBI1405R_GAR_1_8,CBI1405R_GAR,ANNUALIZED_PERCENTAGE,RateWithMinimumAmount,,0.01,1300000,,YEAR,1,خیر,1,9,ed3724bd8d1ef307b628e278d2050cb5bef10c1f5694e9cef39c894ae9518192
1-9,1,GAR,CBI_RIAL_1405_GUARANTEE_GROUP,صدور، تمدید، تقلیل، انتقال و ابطال ضمانتنامه شرکت در مناقصه، مزایده و سایر ضمانتنامه ها,ضمانتنامه در مقابل سهام پذیرفته شده در بورس (4),"1 درصد مبلغ در سال، حداقل 1,300,000 ریال",CBI1405R_GAR_1_9,CBI1405R_GAR,ANNUALIZED_PERCENTAGE,RateWithMinimumAmount,,0.01,1300000,,YEAR,1,خیر,1,10,929fe778ef95f31ba16ba98c666ccd7dc842396971437a990d4fe21ec82f33bb
1-10,1,GAR,CBI_RIAL_1405_GUARANTEE_GROUP,صدور، تمدید، تقلیل، انتقال و ابطال ضمانتنامه شرکت در مناقصه، مزایده و سایر ضمانتنامه ها,ضمانتنامه در مقابل اموال غیرمنقول سهل البیع (با تشخیص مؤسسه اعتباری),"1 درصد مبلغ در سال، حداقل 1,300,000 ریال",CBI1405R_GAR_1_10,CBI1405R_GAR,ANNUALIZED_PERCENTAGE,RateWithMinimumAmount,,0.01,1300000,,YEAR,1,خیر,1,11,4e051c37d28fb735e61f97ef782e9a732fb362a3a5310cbd896053976531be2c
1-11,1,GAR,CBI_RIAL_1405_GUARANTEE_GROUP,صدور، تمدید، تقلیل، انتقال و ابطال ضمانتنامه شرکت در مناقصه، مزایده و سایر ضمانتنامه ها,ضمانتنامه در مقابل سایر اموال غیرمنقول,"1.5 درصد مبلغ در سال، حداقل 1,300,000 ریال",CBI1405R_GAR_1_11,CBI1405R_GAR,ANNUALIZED_PERCENTAGE,RateWithMinimumAmount,,0.015,1300000,,YEAR,1,خیر,1,12,9d22d524600e25e51781bbaac6c476c44b9b4b51ac49818d6877f611c485da0b
1-12,1,GAR,CBI_RIAL_1405_GUARANTEE_GROUP,صدور، تمدید، تقلیل، انتقال و ابطال ضمانتنامه شرکت در مناقصه، مزایده و سایر ضمانتنامه ها,ضمانتنامه در مقابل توثیق سند کشتی و هواپیما دارای بیمه نامه معتبر,"1.5 درصد مبلغ در سال، حداقل 1,300,000 ریال",CBI1405R_GAR_1_12,CBI1405R_GAR,ANNUALIZED_PERCENTAGE,RateWithMinimumAmount,,0.015,1300000,,YEAR,1,خیر,1,13,10139767847660285c38147ff2c59a2b926ac5605962685378a283966ae51749
1-13,1,GAR,CBI_RIAL_1405_GUARANTEE_GROUP,صدور، تمدید، تقلیل، انتقال و ابطال ضمانتنامه شرکت در مناقصه، مزایده و سایر ضمانتنامه ها,ضمانتنامه در مقابل اسناد تجاری نظیر سفته و چک,"2.25 درصد مبلغ در سال، حداقل 1,300,000 ریال",CBI1405R_GAR_1_13,CBI1405R_GAR,ANNUALIZED_PERCENTAGE,RateWithMinimumAmount,,0.0225,1300000,,YEAR,1,خیر,1,14,4c614b8302dca6aff5acd736d352d7b4f8e3aa87d660f9e2c1a3bf195f0636ca
1-14,1,GAR,CBI_RIAL_1405_GUARANTEE_GROUP,صدور، تمدید، تقلیل، انتقال و ابطال ضمانتنامه شرکت در مناقصه، مزایده و سایر ضمانتنامه ها,ضمانتنامه در مقابل رسید انبارهای عمومی,"2 درصد مبلغ در سال، حداقل 1,300,000 ریال",CBI1405R_GAR_1_14,CBI1405R_GAR,ANNUALIZED_PERCENTAGE,RateWithMinimumAmount,,0.02,1300000,,YEAR,1,خیر,1,15,06f4f71f51618610c8ecbdd42db6dd6f9a33cca3dfabd305a178d0a526f53bd8
1-15,1,GAR,CBI_RIAL_1405_GUARANTEE_GROUP,صدور، تمدید، تقلیل، انتقال و ابطال ضمانتنامه شرکت در مناقصه، مزایده و سایر ضمانتنامه ها,ضمانتنامه در مقابل سایر وثایق,2.25 درصد در سال,CBI1405R_GAR_1_15,CBI1405R_GAR,ANNUALIZED_PERCENTAGE,Percentage,,0.0225,,,YEAR,1,خیر,1,16,6d29b4b0b2cb404c1d3e3a5c7914f43b62b75c6fc8d090821ccd6a247e160a5e
1-16,1,GAR,CBI_RIAL_1405_GUARANTEE_GROUP,صدور، تمدید، تقلیل، انتقال و ابطال ضمانتنامه شرکت در مناقصه، مزایده و سایر ضمانتنامه ها,تمدید ضمانتنامه,"کارمزد تمدید برابر با نرخ صدور ضمانتنامه در زمان تمدید؛ حداقل 1,300,000 ریال",CBI1405R_GAR_1_16,CBI1405R_GAR,COMPOSITE,Other,,,,,,1,بله,1,17,2dadc7d20a7063c08f3175b94e488c45f083de6bdc3245feb8ecfc412d2c3270
1-17,1,GAR,CBI_RIAL_1405_GUARANTEE_GROUP,صدور، تمدید، تقلیل، انتقال و ابطال ضمانتنامه شرکت در مناقصه، مزایده و سایر ضمانتنامه ها,تقلیل ضمانتنامه,"کارمزد اخذشده در هنگام صدور نسبت به مابه التفاوت مبلغ برای مدت باقی مانده پس از کسر یک ماه به نفع بانک محاسبه و مسترد می گردد؛ حداقل مبلغ کارمزد صدور ضمانتنامه (1,300,000 ریال) غیرقابل برگشت می باشد",CBI1405R_GAR_1_17,CBI1405R_GAR,COMPOSITE,Other,,,,,,1,بله,1,18,254b4011237f3944cfb660ff2293dfd0f8c7ef9732ff04bc527415eb8eff1220
1-18,1,GAR,CBI_RIAL_1405_GUARANTEE_GROUP,صدور، تمدید، تقلیل، انتقال و ابطال ضمانتنامه شرکت در مناقصه، مزایده و سایر ضمانتنامه ها,ابطال ضمانتنامه قبل از سررسید (غیر از ضبط ضمانتنامه) (5),"کارمزد اخذشده در هنگام صدور نسبت به مابه التفاوت مبلغ برای مدت باقی مانده پس از کسر یک ماه به نفع بانک محاسبه و مسترد می گردد؛ حداقل مبلغ کارمزد صدور ضمانتنامه (1,300,000 ریال) غیرقابل برگشت می باشد",CBI1405R_GAR_1_18,CBI1405R_GAR,COMPOSITE,Other,,,,,,1,بله,1,19,4f30dcea8f4ff7de4c56ad3d14b4a559133bd3d726a94d3ff429c2baf417115e
1-19,1,GAR,CBI_RIAL_1405_GUARANTEE_GROUP,صدور، تمدید، تقلیل، انتقال و ابطال ضمانتنامه شرکت در مناقصه، مزایده و سایر ضمانتنامه ها,صدور المثنی ضمانتنامه های بانکی,"مقطوع 1,300,000 ریال",CBI1405R_GAR_1_19,CBI1405R_GAR,FIXED,Flat,1300000,,,,,1,خیر,1,20,36ff4467014cd57d487955b7f264b01e53952e0f5d0ba9f6a952094380642db4
1-20,1,GAR,CBI_RIAL_1405_GUARANTEE_GROUP,صدور، تمدید، تقلیل، انتقال و ابطال ضمانتنامه شرکت در مناقصه، مزایده و سایر ضمانتنامه ها,انتقال ذی نفع ضمانتنامه,"حداکثر معادل نیم در هزار مبلغ ضمانتنامه صرفاً بر عهده تأمین کننده، با لحاظ حداقل مبلغ کارمزد 1,300,000 ریال مشابه کارمزد صدور ضمانتنامه",CBI1405R_GAR_1_20,CBI1405R_GAR,PERCENTAGE_WITH_FLOOR,RateWithMinimumAmount,,0.0005,1300000,,,1,خیر,1,21,95f29334658529f263295b5e8401c886403b6d1942144429c0ee9441c8bb3384
2-1,2,REM,CBI_RIAL_1405_REMITTANCE_GROUP,حواله ها,صدور چک تضمین شده یا رمزدار بین بانکی,"هر فقره 144,000 ریال",CBI1405R_REM_2_1,CBI1405R_REM,PER_UNIT,PerUnit,144000,,,,,1,خیر,2,22,d24430d6b669eef06d337f8efaa26c64175a30e7ee1d3fc1cf460c029f4ad874
2-2,2,REM,CBI_RIAL_1405_REMITTANCE_GROUP,حواله ها,اعلام منع پرداخت چک های بانکی/بین بانکی مفقودی,"مقطوع 1,152,000 ریال",CBI1405R_REM_2_2,CBI1405R_REM,FIXED,Flat,1152000,,,,,1,خیر,2,23,d8383d1aac3afed03367a70d0c68d7563f0444a4dc5e47a099519668bf2c5748
2-3,2,REM,CBI_RIAL_1405_REMITTANCE_GROUP,حواله ها,صدور المثنی چک بانکی,"هر فقره 144,000 ریال",CBI1405R_REM_2_3,CBI1405R_REM,PER_UNIT,PerUnit,144000,,,,,1,خیر,2,24,f9e72875022796b4e97ef2bf6f92fde44a19b7e9e382e35889e9a07204efffcb
2-4,2,REM,CBI_RIAL_1405_REMITTANCE_GROUP,حواله ها,استرداد/ابطال چک بانکی/بین بانکی به درخواست مشتری,"هر فقره 288,000 ریال",CBI1405R_REM_2_4,CBI1405R_REM,PER_UNIT,PerUnit,288000,,,,,1,خیر,2,25,e1d774cf8c0c5c6e27a0f59a980742203eaba49b769f0ca16bfe58123aa4088e
3-1,3,SDB,CBI_RIAL_1405_SAFE_DEPOSIT_GROUP,صندوق های اجاره ای,صندوق اجاره ای (اجاره بها و ودیعه سالانه),"هر سانتی متر مکعب حجم 288 ریال (حداقل 1,440,000 ریال)؛ همچنین ودیعه اجاره 8 برابر مبلغ اجاره بها، حداقل مبلغ 11,520,000 ریال",CBI1405R_SDB_3_1,CBI1405R_SDB,COMPOSITE,Other,,,,,,2,بله,2,26,d2be2e6bde60dad6f2c284a000c165cf999e1a71f86b710e1b51324d53529708
3-2,3,SDB,CBI_RIAL_1405_SAFE_DEPOSIT_GROUP,صندوق های اجاره ای,هر بار استفاده از صندوق,"120,000 ریال",CBI1405R_SDB_3_2,CBI1405R_SDB,FIXED,Flat,120000,,,,,1,خیر,2,27,af091aba3e46f28d96b3d5e28385a172accbcaf351e5cbb1fbcc4710d703d3c2
3-3,3,SDB,CBI_RIAL_1405_SAFE_DEPOSIT_GROUP,صندوق های اجاره ای,مفقودی کلیدها,"تمامی هزینه های مربوط به قفل ها و کلیدها + 288,000 ریال",CBI1405R_SDB_3_3,CBI1405R_SDB,FIXED,Flat,288000,,,,,1,خیر,2,28,535310cfe1a66c1e74ddce14748a67c6be06d06d7d5776aa3f52506ecca49c2c
3-4,3,SDB,CBI_RIAL_1405_SAFE_DEPOSIT_GROUP,صندوق های اجاره ای,تخلیه و تحویل صندوق,بدون کارمزد,CBI1405R_SDB_3_4,CBI1405R_SDB,FIXED,Flat,0,,,,,1,خیر,2,29,f9227c8064aab415673d659aef726314a20da8cef6fa2155673975e24987a959
3-5,3,SDB,CBI_RIAL_1405_SAFE_DEPOSIT_GROUP,صندوق های اجاره ای,هماهنگی جهت بازدید از صندوق اجاره ای به درخواست مراجع ذی صلاح,بدون کارمزد,CBI1405R_SDB_3_5,CBI1405R_SDB,FIXED,Flat,0,,,,,1,خیر,2,30,08072d74bc6747801e97a745e4cb29c06f8c2cfa2655d54639aa56baf28a7cad
4-1,4,SEC,CBI_RIAL_1405_SECURITIES_GROUP,مدیریت اوراق بهادار مشتریان (به استثنای سهام),انتقال هر برگ اوراق گواهی حق تقدم اعطای تسهیلات,"66,000 ریال",CBI1405R_SEC_4_1,CBI1405R_SEC,FIXED,Flat,66000,,,,,1,خیر,3,31,a8b6b4d3b345562825bf5b7854e037a42240164e6bd42aff00a3bb9f18efec70
4-2,4,SEC,CBI_RIAL_1405_SECURITIES_GROUP,مدیریت اوراق بهادار مشتریان (به استثنای سهام),صدور هر برگ المثنی اوراق حق تقدم اعطای تسهیلات,"110,000 ریال",CBI1405R_SEC_4_2,CBI1405R_SEC,FIXED,Flat,110000,,,,,1,خیر,3,32,ace5e32719b1e0589681e83ae4fdc9aa22b47db60dd7f87a07f8d0d938e2f3d4
4-3,4,SEC,CBI_RIAL_1405_SECURITIES_GROUP,مدیریت اوراق بهادار مشتریان (به استثنای سهام),تضمین اصل و سود اوراق بدهی توسط مؤسسه اعتباری عامل,حداقل به میزان کارمزد صدور ضمانتنامه ها متناسب با وثایق و حداکثر تا دو برابر آن به مأخذ مجموع مانده اصل و سود اوراق بدهی در پایان هر سال,CBI1405R_SEC_4_3,CBI1405R_SEC,COMPOSITE,Other,,,,,,1,بله,3,33,2fafbf1a111ed3c18343e6e39b6b09ebfd7a2a217aa002746f3734586262d340
4-4,4,SEC,CBI_RIAL_1405_SECURITIES_GROUP,مدیریت اوراق بهادار مشتریان (به استثنای سهام),انتقال اوراق بهادار/نقل و انتقال اوراق گواهی سپرده با نام به شخص ثالث,"نیم در هزار مبلغ مورد انتقال، حداکثر 480,000 ریال",CBI1405R_SEC_4_4,CBI1405R_SEC,PERCENTAGE_WITH_CAP,RateWithMaximumAmount,,0.0005,,480000,,1,خیر,3,34,1888de836789bf23bda5d428b2c612635818392c58da3bd8ec9193b12cff6977
4-5,4,SEC,CBI_RIAL_1405_SECURITIES_GROUP,مدیریت اوراق بهادار مشتریان (به استثنای سهام),عاملیت و ضمانت اوراق گواهی اعتبار مولد (گام),حداکثر به میزان کارمزد صدور ضمانتنامه ها و متناسب با وثایق دریافتی,CBI1405R_SEC_4_5,CBI1405R_SEC,COMPOSITE,Other,,,,,,1,بله,3,35,286fb05e79862164c27de33cd7967db15f3406b8530e93a2fc0c96931a35b698
4-6,4,SEC,CBI_RIAL_1405_SECURITIES_GROUP,مدیریت اوراق بهادار مشتریان (به استثنای سهام),انتقال اوراق گواهی اعتبار مولد (گام),حداکثر به میزان یک دهم درصد مبلغ اوراق انتقال یافته,CBI1405R_SEC_4_6,CBI1405R_SEC,PERCENTAGE,Percentage,,0.001,,,,1,خیر,3,36,2998e24db2b3ea91424021bf25ea50f065d210a1e8e3c874412635598588be87
4-7,4,SEC,CBI_RIAL_1405_SECURITIES_GROUP,مدیریت اوراق بهادار مشتریان (به استثنای سهام),ابطال اوراق گواهی اعتبار مولد (گام) در لایه اول زنجیره تولید (از متقاضی) (1),حداکثر نیم در هزار مبلغ ابطال اوراق,CBI1405R_SEC_4_7,CBI1405R_SEC,PERCENTAGE,Percentage,,0.0005,,,,1,خیر,3,37,d19a0a0c3c9bec30b333aaffb32f87ff485c0b258397bbc46bd172ccc05ee109
4-8,4,SEC,CBI_RIAL_1405_SECURITIES_GROUP,مدیریت اوراق بهادار مشتریان (به استثنای سهام),انتقال اوراق گام به بازار سرمایه (با نماد بازار سرمایه),حداکثر نیم در هزار مبلغ مورد انتقال,CBI1405R_SEC_4_8,CBI1405R_SEC,PERCENTAGE,Percentage,,0.0005,,,,1,خیر,3,38,6395d804a347c0ac4de5bec624a663dad0a44e9d29405b62eb5360d4785b18a9
4-9,4,SEC,CBI_RIAL_1405_SECURITIES_GROUP,مدیریت اوراق بهادار مشتریان (به استثنای سهام),تنزیل (خرید دین) اوراق گام (با نماد بازار پول),حداکثر نیم در هزار مبلغ تنزیل شده,CBI1405R_SEC_4_9,CBI1405R_SEC,PERCENTAGE,Percentage,,0.0005,,,,1,خیر,3,39,2b64241dc04b8c36cde8916b65c90420b5de0a76d194dbd35e8e1cdef1789bd6
4-10,4,SEC,CBI_RIAL_1405_SECURITIES_GROUP,مدیریت اوراق بهادار مشتریان (به استثنای سهام),توثیق اوراق گواهی اعتبار مولد (گام),حداکثر نیم در هزار مبلغ مورد توثیق,CBI1405R_SEC_4_10,CBI1405R_SEC,PERCENTAGE,Percentage,,0.0005,,,,1,خیر,3,40,42092c3d4088ec5cb07a7a3c61ee8eb91958778545bff704fda84926d2d9ed54
4-11,4,SEC,CBI_RIAL_1405_SECURITIES_GROUP,مدیریت اوراق بهادار مشتریان (به استثنای سهام),بررسی و پذیرش مطالبات قراردادی با موضوع تأمین کالا,حداکثر معادل نیم در هزار مبلغ توافقی واریزی به حساب تأمین کننده,CBI1405R_SEC_4_11,CBI1405R_SEC,PERCENTAGE,Percentage,,0.0005,,,,1,خیر,3,41,87d901fab59c2caac06a755e7acc7a73dda0e5e7acbce5f24478775fda192106
4-12,4,SEC,CBI_RIAL_1405_SECURITIES_GROUP,مدیریت اوراق بهادار مشتریان (به استثنای سهام),بررسی و پذیرش مطالبات قراردادی با موضوع تأمین خدمات,حداکثر معادل یک و نیم در هزار مبلغ توافقی واریزی به حساب تأمین کننده,CBI1405R_SEC_4_12,CBI1405R_SEC,PERCENTAGE,Percentage,,0.0015,,,,1,خیر,3,42,6b253b083fa973780e47c61f88c0d908cee9880a6c825e5d17315439e2cadb81
4-13,4,SEC,CBI_RIAL_1405_SECURITIES_GROUP,مدیریت اوراق بهادار مشتریان (به استثنای سهام),کارت رفاهی متصل به اوراق گواهی اعتبار مولد (گام) (به صورت اقساط مساوی در دوره بازپرداخت),حداکثر به میزان 3 درصد,CBI1405R_SEC_4_13,CBI1405R_SEC,PERCENTAGE,Percentage,,0.03,,,,1,خیر,3,43,953d11940068b72d9cd0bfd1e27c3184c794164490edf9ef88bd1594ce5e0224
4-14,4,SEC,CBI_RIAL_1405_SECURITIES_GROUP,مدیریت اوراق بهادار مشتریان (به استثنای سهام),صدور اوراق گواهی اعتبار مولد (گام) یارانه دارو,حداکثر به میزان 0.5 درصد سالانه,CBI1405R_SEC_4_14,CBI1405R_SEC,ANNUALIZED_PERCENTAGE,Percentage,,0.005,,,YEAR,1,خیر,3,44,68cca70ce1382315e19182c03846d2d0f1171423310351fd535b442909846904
5-1,5,COL,CBI_RIAL_1405_COLLECTION_GROUP,وصول بروات,سفته، برات و قبوض ثبتی وصولی,"هر فقره 144,000 ریال + هزینه پست",CBI1405R_COL_5_1,CBI1405R_COL,PER_UNIT,PerUnit,144000,,,,,1,خیر,3,45,c8f095463291787c47e646e4f72c0a3ba9c5690e6b7697f7ef310342dc8e9bf5
5-2,5,COL,CBI_RIAL_1405_COLLECTION_GROUP,وصول بروات,ابلاغ سفته و برات,"برای هر نوبت 86,400 ریال + هزینه پست",CBI1405R_COL_5_2,CBI1405R_COL,PER_UNIT,PerUnit,86400,,,,,1,خیر,3,46,b397bc0ba71fc6fabc27d2b8a6310e2dbe0b10eae6995e6b69cce8c9cc755e0f
5-3,5,COL,CBI_RIAL_1405_COLLECTION_GROUP,وصول بروات,واخواست سفته,"برای هر برگ 1,152,000 ریال",CBI1405R_COL_5_3,CBI1405R_COL,PER_UNIT,PerUnit,1152000,,,,,1,خیر,3,47,70834c73e70f2a0bcee7e5335ea6100c1ec7be7d3dfd0ec822cd56fffc9a6540
5-4,5,COL,CBI_RIAL_1405_COLLECTION_GROUP,وصول بروات,فروش سفته/براتنامه (از متقاضی),"برای هر برگ 120,000 ریال، حداکثر 2,400,000 ریال",CBI1405R_COL_5_4,CBI1405R_COL,PER_UNIT,PerUnit,120000,,,2400000,,1,خیر,3,48,2d4daa76d3a28dcdb8dac1e44adcb7dc7fa9f9120dfe4301449dade965c1d8cb
5-5,5,COL,CBI_RIAL_1405_COLLECTION_GROUP,وصول بروات,قبولی «برات الکترونیکی زنجیره تولید»,مشابه کارمزد صدور ضمانتنامه و متناسب با وثایق دریافتی,CBI1405R_COL_5_5,CBI1405R_COL,COMPOSITE,Other,,,,,,1,بله,3,49,af4c999b5a808c9a9e13f2abe31efa3485165db7858aa4d5bf4145996a3ba6ef
5-6,5,COL,CBI_RIAL_1405_COLLECTION_GROUP,وصول بروات,انتقال «برات الکترونیکی زنجیره تولید»,حداکثر یک در هزار مبلغ برات انتقال یافته,CBI1405R_COL_5_6,CBI1405R_COL,PERCENTAGE,Percentage,,0.001,,,,1,خیر,3,50,8e04978519fba6988416a3ae4f2c9a4c2055993c47e5aeb486a4111adca2da48
6-1-1,6,ACC,CBI_RIAL_1405_ACCOUNT_GROUP,انواع حساب ها,تقاضای عدم پرداخت چک,"هر برگ چک 288,000 ریال",CBI1405R_ACC_6_1_1,CBI1405R_ACC,PER_UNIT,PerUnit,288000,,,,,1,خیر,4,51,9178b4d49b6ba8108a4af30ae08e877b6aaa37388937b73c590db48164db9102
6-1-2,6,ACC,CBI_RIAL_1405_ACCOUNT_GROUP,انواع حساب ها,صدور گواهی نامه عدم پرداخت وجه چک,"288,000 ریال",CBI1405R_ACC_6_1_2,CBI1405R_ACC,FIXED,Flat,288000,,,,,1,خیر,4,52,e2baf008ded01e348ffbf642555a752ea27899c899d5226908e0908bb60c514d
6-1-3,6,ACC,CBI_RIAL_1405_ACCOUNT_GROUP,انواع حساب ها,رفع سوء اثر برای هر برگ چک,"288,000 ریال",CBI1405R_ACC_6_1_3,CBI1405R_ACC,FIXED,Flat,288000,,,,,1,خیر,4,53,c71608b91cfa9a7c5590bc736d19737841f41b9c98590d7740af285d877b748a
6-1-4,6,ACC,CBI_RIAL_1405_ACCOUNT_GROUP,انواع حساب ها,انتقال حساب جاری به شعبه دیگر در هر شهر (بنا به درخواست مشتری),"864,000 ریال + هزینه پست در صورت وجود",CBI1405R_ACC_6_1_4,CBI1405R_ACC,FIXED,Flat,864000,,,,,1,خیر,4,54,cabe007e9fd49dfe1f9ca37e422f08bd5bdff01921c62efe6b6ba689b8d194bf
6-1-5,6,ACC,CBI_RIAL_1405_ACCOUNT_GROUP,انواع حساب ها,اخذ هرگونه اطلاعات لازم جهت افتتاح حساب سپرده قرض الحسنه جاری با/بدون دسته چک,"حداقل 120,000 ریال + هزینه استعلام (هزینه استعلام از سامانه های ذی ربط نظیر سامانه شاهکار می باشد)",CBI1405R_ACC_6_1_5,CBI1405R_ACC,FIXED,Flat,,,120000,,,1,خیر,4,55,1aee1e421606d5bd8a00f1c080c15c250bd4fa5c50c0c9ad7024e74dac7fad6e
6-1-6,6,ACC,CBI_RIAL_1405_ACCOUNT_GROUP,انواع حساب ها,افتتاح حساب سپرده قرض الحسنه جاری موقت (برای شخص حقوقی در شرف تأسیس),"120,000 ریال",CBI1405R_ACC_6_1_6,CBI1405R_ACC,FIXED,Flat,120000,,,,,1,خیر,4,56,ff038b316d4d4f746dfec96a0ef8b7bb22377cf3340dd1bc0c995fb203a1c8c5
6-1-7,6,ACC,CBI_RIAL_1405_ACCOUNT_GROUP,انواع حساب ها,چک های واگذاری عهده سایر مؤسسات اعتباری (از ذی نفع چک),"هر فقره 28,800 ریال",CBI1405R_ACC_6_1_7,CBI1405R_ACC,PER_UNIT,PerUnit,28800,,,,,1,خیر,4,57,1a82c06fb509faebb4801c768e41814b2f16305519144db45fabe9cab0eb34ae
6-1-8,6,ACC,CBI_RIAL_1405_ACCOUNT_GROUP,انواع حساب ها,انتقال وجه از سایر حساب های مشتری بابت تأمین وجه چک,"از هر حساب 144,000 ریال",CBI1405R_ACC_6_1_8,CBI1405R_ACC,PER_UNIT,PerUnit,144000,,,,,1,خیر,4,58,ce8aa7d18b8e40eb11abc0a77b40da12d59e1cc67aa2d6921fa4add9c4c5a293
6-1-9,6,ACC,CBI_RIAL_1405_ACCOUNT_GROUP,انواع حساب ها,اخذ گزارش اعتباری برای صدور دسته چک اشخاص حقیقی,مطابق تعرفه ابلاغی بانک مرکزی به شرکت رتبه بندی اعتباری ایران,CBI1405R_ACC_6_1_9,CBI1405R_ACC,COMPOSITE,Other,,,,,,1,بله,4,59,c8aece82449f7a649715f29da06eb33cc1087be07050dbb435357fe7f65ec56b
6-1-10,6,ACC,CBI_RIAL_1405_ACCOUNT_GROUP,انواع حساب ها,صدور دسته چک,"120,000 ریال + مبلغ پرداختی به چاپخانه دولتی (بهای تمام شده) + هزینه تمبر مالیاتی",CBI1405R_ACC_6_1_10,CBI1405R_ACC,FIXED,Flat,120000,,,,,1,خیر,4,60,8ed8819dea5829e4f2a8cd57382f6f245e4223a406c542c75a24a63ff028e3ce
6-1-11,6,ACC,CBI_RIAL_1405_ACCOUNT_GROUP,انواع حساب ها,صدور المثنی (چاپ مجدد) گواهی نامه عدم پرداخت صادرشده قبلی به درخواست مشتری,"44,000 ریال",CBI1405R_ACC_6_1_11,CBI1405R_ACC,FIXED,Flat,44000,,,,,1,خیر,4,61,ecf64820e239918c84d0caa2f3e3450188766b613e1afe09f92caa11cb45de4f
6-1-12,6,ACC,CBI_RIAL_1405_ACCOUNT_GROUP,انواع حساب ها,ابطال/استرداد چک صادره توسط اشخاص به درخواست مشتری با ارائه لاشه چک باطل شده,"22,000 ریال",CBI1405R_ACC_6_1_12,CBI1405R_ACC,FIXED,Flat,22000,,,,,1,خیر,4,62,473e6dd22b2d9242afc17c3ea90cb77e95ccd5a3f28cf85173f1e52f503feeb6
6-1-13,6,ACC,CBI_RIAL_1405_ACCOUNT_GROUP,انواع حساب ها,اخذ صورت اطلاعات چک های برگشتی به درخواست مشتری,"52,800 ریال",CBI1405R_ACC_6_1_13,CBI1405R_ACC,FIXED,Flat,52800,,,,,1,خیر,4,63,9a1e833a9bb45895d1859caf1c5665b2935952f9aa2e096cf38a8dd2f03d4178
6-1-14,6,ACC,CBI_RIAL_1405_ACCOUNT_GROUP,انواع حساب ها,تحویل دسته چک به مشتری در شعبه ای غیر از شعبه افتتاح کننده حساب سپرده قرض الحسنه جاری,"48,000 ریال",CBI1405R_ACC_6_1_14,CBI1405R_ACC,FIXED,Flat,48000,,,,,1,خیر,4,64,782fb126b7862199aabc514e06917751172b223f26b767977126a913a142a9db
6-1-15,6,ACC,CBI_RIAL_1405_ACCOUNT_GROUP,انواع حساب ها,نگهداری امانی چک های با سررسید بیش از 30 روز (به استثنای چک های مأخوذه بابت تضمین تسهیلات),"بابت هر برگ چک 12,000 ریال",CBI1405R_ACC_6_1_15,CBI1405R_ACC,PER_UNIT,PerUnit,12000,,,,,1,خیر,4,65,0fc4b9a4003f2b990354f1a5c6588278e7ec2163e189ab53e475e3c6cb6d99cd
6-1-16,6,ACC,CBI_RIAL_1405_ACCOUNT_GROUP,انواع حساب ها,صدور چک موردی جاری اشخاص,"140,000 ریال",CBI1405R_ACC_6_1_16,CBI1405R_ACC,FIXED,Flat,140000,,,,,1,خیر,4,66,42bee16d3066c0830fb287fe8e7928ef758021019797fe25448b76a26e5c1375
6-2-1,6,ACC,CBI_RIAL_1405_ACCOUNT_GROUP,انواع حساب ها,افتتاح حساب سپرده قرض الحسنه پس انداز,بدون کارمزد,CBI1405R_ACC_6_2_1,CBI1405R_ACC,FIXED,Flat,0,,,,,1,خیر,5,67,5c296826b4b6d79477ad04665de7418c046ff827c4ee5ef9dccb7ad29bfc7deb
6-2-2,6,ACC,CBI_RIAL_1405_ACCOUNT_GROUP,انواع حساب ها,افتتاح حساب سپرده سرمایه گذاری کوتاه مدت,"120,000 ریال",CBI1405R_ACC_6_2_2,CBI1405R_ACC,FIXED,Flat,120000,,,,,1,خیر,5,68,6e7b733e0416f2249118777d8016ab816fb3dfba635b8df09e387b68eca4b1c8
6-2-3,6,ACC,CBI_RIAL_1405_ACCOUNT_GROUP,انواع حساب ها,صدور هر جلد دفترچه صرفاً جهت حساب های سپرده سرمایه گذاری کوتاه مدت,"96,000 ریال",CBI1405R_ACC_6_2_3,CBI1405R_ACC,FIXED,Flat,96000,,,,,1,خیر,5,69,91e38158c3fe5a0e9e1a3601e3fa177bedba9352c9bde44ab412b5c1294cd87a
6-3-1,6,ACC,CBI_RIAL_1405_ACCOUNT_GROUP,انواع حساب ها,صدور هرگونه گواهی حساب,"201,500 ریال",CBI1405R_ACC_6_3_1,CBI1405R_ACC,FIXED,Flat,201500,,,,,1,خیر,5,70,69fefcc63cfaa229ab2b1474b36515a2950f01de3893d097343c4803bb038037
6-3-2,6,ACC,CBI_RIAL_1405_ACCOUNT_GROUP,انواع حساب ها,صدور گواهی حساب به لاتین,"هر فقره 432,000 ریال",CBI1405R_ACC_6_3_2,CBI1405R_ACC,PER_UNIT,PerUnit,432000,,,,,1,خیر,5,71,2a01716b35741686dfc27abdbedbab9b42531bceb194a531d55ff40d3bd34ec7
6-3-3,6,ACC,CBI_RIAL_1405_ACCOUNT_GROUP,انواع حساب ها,صدور المثنی گواهی سپرده های سرمایه گذاری ویژه کوتاه مدت و بلندمدت,"132,000 ریال",CBI1405R_ACC_6_3_3,CBI1405R_ACC,FIXED,Flat,132000,,,,,1,خیر,5,72,f8be683a202b2ef102c707c93b45f081c784aa372867eb179031930e4b2db957
6-4-1,6,ACC,CBI_RIAL_1405_ACCOUNT_GROUP,انواع حساب ها,ارائه نسخه فیزیکی صورت حساب به مشتری,"هر صفحه 14,500 ریال",CBI1405R_ACC_6_4_1,CBI1405R_ACC,PER_UNIT,PerUnit,14500,,,,,1,خیر,5,73,0d058d556b5b17540b9e3dc41c5d333ae591e202520773a1f2bbad1aa774dca6
6-4-2,6,ACC,CBI_RIAL_1405_ACCOUNT_GROUP,انواع حساب ها,ارائه نسخه الکترونیکی (فایل) صورت حساب به مشتری,"96,000 ریال",CBI1405R_ACC_6_4_2,CBI1405R_ACC,FIXED,Flat,96000,,,,,1,خیر,5,74,864cc2e25017e991a3ea761584665f09afe4a1c7a19af5f544e981d18e2fa5a5
6-5-1,6,ACC,CBI_RIAL_1405_ACCOUNT_GROUP,انواع حساب ها,ارتباط هر حساب جدید با کارت (پس از صدور کارت) - از طریق مراجعه به شعبه,"43,000 ریال",CBI1405R_ACC_6_5_1,CBI1405R_ACC,FIXED,Flat,43000,,,,,1,خیر,5,75,dff98b5cb3ac62981dcf72e54a9298692ad9458a1322860cd75e6707a441a5fa
6-5-2,6,ACC,CBI_RIAL_1405_ACCOUNT_GROUP,انواع حساب ها,تغییر حساب اصلی کارت - از طریق مراجعه به شعبه,"72,000 ریال",CBI1405R_ACC_6_5_2,CBI1405R_ACC,FIXED,Flat,72000,,,,,1,خیر,5,76,7c51bf0d6843e19a7a7e32270f6f2aec51ecb18255f8d937e47b8c7a05f8a1ad
6-5-3,6,ACC,CBI_RIAL_1405_ACCOUNT_GROUP,انواع حساب ها,فعال سازی حساب های راکد - از طریق مراجعه به شعبه,"هر حساب 52,000 ریال",CBI1405R_ACC_6_5_3,CBI1405R_ACC,PER_UNIT,PerUnit,52000,,,,,1,خیر,5,77,e00c89a2088ff4bf36dd5231423716941b0286583c4a9805ec3976c7d1d6a3f5
6-5-4,6,ACC,CBI_RIAL_1405_ACCOUNT_GROUP,انواع حساب ها,فعال سازی حساب های مطالبه نشده و تعیین تکلیف نشده - از طریق مراجعه به شعبه,"هر حساب 52,000 ریال",CBI1405R_ACC_6_5_4,CBI1405R_ACC,PER_UNIT,PerUnit,52000,,,,,1,خیر,5,78,e31bbfeb5b9b945af378d746429a3850f604d07615c079c162178f4c9c6a9e31
6-5-5,6,ACC,CBI_RIAL_1405_ACCOUNT_GROUP,انواع حساب ها,انتقال و واگذاری سپرده سرمایه گذاری بلندمدت به اشخاص مجاز طبق ضوابط ابلاغی بانک مرکزی,"145,000 ریال بابت هر بار انتقال",CBI1405R_ACC_6_5_5,CBI1405R_ACC,PER_UNIT,PerUnit,145000,,,,,1,خیر,5,79,6d61bde66c5e22f23237c4a0aed47309cc153cb2eeb701d5ed884278a5304ae9
6-5-6,6,ACC,CBI_RIAL_1405_ACCOUNT_GROUP,انواع حساب ها,انسداد یا رفع انسداد انواع حساب/کارت به درخواست مشتری - از طریق مراجعه به شعبه,"72,000 ریال",CBI1405R_ACC_6_5_6,CBI1405R_ACC,FIXED,Flat,72000,,,,,1,خیر,5,80,40ae601323af78c1c5f891d53e0c9aa7dc4a0cdd2200ebfd9c7348fe3172701c
6-5-7,6,ACC,CBI_RIAL_1405_ACCOUNT_GROUP,انواع حساب ها,تغییر در شرایط/اطلاعات انواع حساب (نظیر صاحبان امضاء و آدرس) به درخواست مشتری - از طریق مراجعه به شعبه,"برای اشخاص حقیقی: 48,000 ریال؛ برای اشخاص حقوقی: 120,000 ریال",CBI1405R_ACC_6_5_7,CBI1405R_ACC,COMPOSITE,Other,,,,,,2,بله,5,81,a88086b4e7713acc29cd57341d640d826c8ec2b6c256beda6d91eee301882c8b
6-5-8,6,ACC,CBI_RIAL_1405_ACCOUNT_GROUP,انواع حساب ها,برقراری ارتباط بین انواع حساب با لحاظ کف و سقف مبلغ - از طریق مراجعه به شعبه (به استثنای تأمین وجه چک),"بابت برقراری خدمت 48,000 ریال برای هر نوبت و به ازای هر بار تراکنش 4,800 ریال",CBI1405R_ACC_6_5_8,CBI1405R_ACC,COMPOSITE,Other,,,,,,2,بله,5,82,641dbf81e6104661e73313c157d8a466ec2765a393fbfb8d931857ae9bfe3859
6-5-9,6,ACC,CBI_RIAL_1405_ACCOUNT_GROUP,انواع حساب ها,ثبت دستور پرداخت مستمر - از طریق مراجعه به شعبه,"برای اشخاص حقیقی: بدون کارمزد؛ برای اشخاص حقوقی: 100,000 ریال برای هر بار تعریف",CBI1405R_ACC_6_5_9,CBI1405R_ACC,COMPOSITE,Other,,,,,,2,بله,5,83,f35bb6419508446f4213a189b8c63fc0402d2b9fbdb029cf48a83dbb483fa6b5
6-5-10,6,ACC,CBI_RIAL_1405_ACCOUNT_GROUP,انواع حساب ها,انتقال سپرده قرض الحسنه پس انداز و سرمایه گذاری مدت دار به شعب دیگر در هر شهر,"220,000 ریال + هزینه پست در صورت وجود",CBI1405R_ACC_6_5_10,CBI1405R_ACC,FIXED,Flat,220000,,,,,1,خیر,5,84,70748664c43df67cdf4e008ba0981bcb933dea7585e5cc59c7aefc82715759f4
6-5-11,6,ACC,CBI_RIAL_1405_ACCOUNT_GROUP,انواع حساب ها,انسداد یا رفع انسداد انواع حساب یا موجودی که از سوی مراجع ذی صلاح به هر طریق به مؤسسه اعتباری اعلام می گردد,بدون کارمزد,CBI1405R_ACC_6_5_11,CBI1405R_ACC,FIXED,Flat,0,,,,,1,خیر,5,85,6317440ff72aa0ca899ab8b2dd30c8f79aad30426798001da88349c220b03c9c
6-5-12,6,ACC,CBI_RIAL_1405_ACCOUNT_GROUP,انواع حساب ها,صدور رمز جدید برای انواع کارت های بانکی (نقدی، اعتباری و هدیه) به درخواست مشتری - از طریق مراجعه به شعبه,"24,000 ریال",CBI1405R_ACC_6_5_12,CBI1405R_ACC,FIXED,Flat,24000,,,,,1,خیر,5,86,edd2b6dd6aeef9e707ade89330bec098e0d22da301da3353d04c9fe3acd6af9a
6-5-13,6,ACC,CBI_RIAL_1405_ACCOUNT_GROUP,انواع حساب ها,هزینه آبونمان سالانه کارت اعتباری مراجعه,یک درصد اعتبار تخصیص یافته به دارنده کارت,CBI1405R_ACC_6_5_13,CBI1405R_ACC,PERCENTAGE,Percentage,,0.01,,,,1,خیر,5,87,173d9961dfd5f8f849de71fe15128f8dfb0d8d4f98de528e91a56d4ff12a9ca3
6-5-14,6,ACC,CBI_RIAL_1405_ACCOUNT_GROUP,انواع حساب ها,بررسی تراکنش های کارت های مفقودی/سرقتی به درخواست مشتری از طریق مراجعه به شعبه,"40,000 ریال بابت هر شماره پیگیری",CBI1405R_ACC_6_5_14,CBI1405R_ACC,PER_UNIT,PerUnit,40000,,,,,1,خیر,5,88,3e22b743eaff68cc5b1df69bc40f56015407b6956229451cb4bb47ea43abcce9
6-5-15,6,ACC,CBI_RIAL_1405_ACCOUNT_GROUP,انواع حساب ها,تعیین سقف برداشت/واریز به حساب به درخواست مشتری از طریق مراجعه به شعبه,"40,000 ریال",CBI1405R_ACC_6_5_15,CBI1405R_ACC,FIXED,Flat,40000,,,,,1,خیر,5,89,e7cdfdd02550cf27061c733c5104ac7b315fd4371bcb796ab6b702fbe2072de2
6-5-16,6,ACC,CBI_RIAL_1405_ACCOUNT_GROUP,انواع حساب ها,بستن انواع حساب در شعبه ای غیر از شعبه افتتاح کننده حساب به درخواست مشتری از طریق مراجعه به شعبه,"100,000 ریال",CBI1405R_ACC_6_5_16,CBI1405R_ACC,FIXED,Flat,100000,,,,,1,خیر,5,90,67728b6cf84fccde3aa1b5cc7acf479c17984fead98faa5a6a38c850af4563ba
7-1,7,APP,CBI_RIAL_1405_APPRAISAL_GROUP,ارزیابی اموال منقول و غیرمنقول,ارزیابی ماشین آلات و کالا,"تا چهار میلیارد ریال مبلغ ارزیابی: 4,140,000 ریال؛ بیش از چهار میلیارد ریال تا 800 میلیارد ریال نسبت به مازاد: 2 در هزار یا معادل تعرفه کارشناسان رسمی دادگستری، هر کدام که کمتر باشد؛ مازاد بر 800 میلیارد ریال: ارجاع به کارشناس رسمی دادگستری",CBI1405R_APP_7_1,CBI1405R_APP,COMPOSITE,Other,,,,,,3,بله,6,91,623979f41e4504e7651399854d6a28c6a4834a0fbab1006fe2fa0f127d16fc5f
7-2,7,APP,CBI_RIAL_1405_APPRAISAL_GROUP,ارزیابی اموال منقول و غیرمنقول,ارزیابی املاک و ساختمان,"تا چهار میلیارد ریال مبلغ ارزیابی: 4,140,000 ریال؛ بیش از چهار میلیارد ریال تا 800 میلیارد ریال نسبت به مازاد: 2 در هزار یا معادل تعرفه کارشناسان رسمی دادگستری، هر کدام که کمتر باشد؛ مازاد بر 800 میلیارد ریال: ارجاع به کارشناس رسمی دادگستری",CBI1405R_APP_7_2,CBI1405R_APP,COMPOSITE,Other,,,,,,3,بله,6,92,2336a9473bf1898a5505dc22cf7b8e0b11b8ef45b9eb247fa6f0ef9be5b74adb
7-3,7,APP,CBI_RIAL_1405_APPRAISAL_GROUP,ارزیابی اموال منقول و غیرمنقول,ارزیابی املاک مزروعی و باغات,"تا چهار میلیارد ریال مبلغ ارزیابی: 4,140,000 ریال؛ بیش از چهار میلیارد ریال تا 800 میلیارد ریال نسبت به مازاد: 2 در هزار یا معادل تعرفه کارشناسان رسمی دادگستری، هر کدام که کمتر باشد؛ مازاد بر 800 میلیارد ریال: ارجاع به کارشناس رسمی دادگستری",CBI1405R_APP_7_3,CBI1405R_APP,COMPOSITE,Other,,,,,,3,بله,6,93,180e93e0b262167e526d8b2b9e487addcb6572d03f5cbda322f58a189536d81c
7-4,7,APP,CBI_RIAL_1405_APPRAISAL_GROUP,ارزیابی اموال منقول و غیرمنقول,ارزیابی میزان پیشرفت فیزیکی طرح های موضوع تسهیلات مشارکت مدنی (برآورد هزینه و آورده غیرنقدی شریک),"تا چهار میلیارد ریال مبلغ ارزیابی: 4,140,000 ریال؛ بیش از چهار میلیارد ریال تا 800 میلیارد ریال نسبت به مازاد: 2 در هزار یا معادل تعرفه کارشناسان رسمی دادگستری، هر کدام که کمتر باشد؛ مازاد بر 800 میلیارد ریال: ارجاع به کارشناس رسمی دادگستری",CBI1405R_APP_7_4,CBI1405R_APP,COMPOSITE,Other,,,,,,3,بله,6,94,bfa3bbd7ff510908e885c4ad30fb8c34c6a128bf5351e38d2d55d35bb872005d
7-5,7,APP,CBI_RIAL_1405_APPRAISAL_GROUP,ارزیابی اموال منقول و غیرمنقول,بازدید تسهیلات تعمیر مسکن/بازدید نوبت های اضافی تسهیلات تعمیر مسکن در قالب کلیه عقود,"مقطوع 1,000,000 ریال",CBI1405R_APP_7_5,CBI1405R_APP,FIXED,Flat,1000000,,,,,1,خیر,6,95,0643a4c337e1a78c3f0ed03347a0178e9403a96bc9602bd3f7ca626181417e20
7-6,7,APP,CBI_RIAL_1405_APPRAISAL_GROUP,ارزیابی اموال منقول و غیرمنقول,ارزیابی مجدد به درخواست مشتری (به غیر از تسهیلات جعاله تعمیر مسکن),الف) در صورت ارزیابی مجدد به درخواست مؤسسه اعتباری یا سایر مراجع ذی صلاح، کارمزدی از مشتری اخذ نخواهد شد. ب) در صورت ارزیابی مجدد به درخواست مشتری و تا 6 ماه پس از ارزیابی قبلی، حداکثر کارمزد قابل مطالبه 30 درصد رقم کل کارمزد ارزیابی است؛ پس از 6 ماه، کارمزد ارزیابی در چارچوب ردیف های 7-1 تا 7-4 دریافت می شود,CBI1405R_APP_7_6,CBI1405R_APP,COMPOSITE,Other,,,,,,3,بله,6,96,9035cc34bb9f3b37894fb2a5cdb5796f06c3abac11ae4d9c22c3625bd39e8e68
7-7,7,APP,CBI_RIAL_1405_APPRAISAL_GROUP,ارزیابی اموال منقول و غیرمنقول,ارزیابی وثایق غیرمنقول مازاد,"تا چهار میلیارد ریال مبلغ ارزیابی: 4,140,000 ریال؛ بیش از چهار میلیارد ریال تا 800 میلیارد ریال نسبت به مازاد: 2 در هزار یا معادل تعرفه کارشناسان رسمی دادگستری، هر کدام که کمتر باشد؛ مازاد بر 800 میلیارد ریال: ارجاع به کارشناس رسمی دادگستری",CBI1405R_APP_7_7,CBI1405R_APP,COMPOSITE,Other,,,,,,3,بله,6,97,67272638e4ee7de9a5c94bccea5dcc838955efa20126a6e9415cf75104e89448
8-1,8,CRD,CBI_RIAL_1405_CREDIT_GROUP,اعتبارات,اخذ استعلام اعتبارسنجی از شرکت رتبه بندی اعتباری ایران,مطابق تعرفه ابلاغی بانک مرکزی به شرکت مذکور,CBI1405R_CRD_8_1,CBI1405R_CRD,COMPOSITE,Other,,,,,,1,بله,7,98,879a99d17e13d0404ef840c36535aadc2c79555c986dabe7738549b612dbed6b
8-2,8,CRD,CBI_RIAL_1405_CREDIT_GROUP,اعتبارات,واگذاری سهم الشرکه بانک به غیر (1),مطابق تعرفه ارزیابی اموال منقول و غیرمنقول مندرج در سرفصل 7,CBI1405R_CRD_8_2,CBI1405R_CRD,COMPOSITE,Other,,,,,,1,بله,7,99,8bd4714ec36b08527c1171f071950107faf3bae02269c1a02ed251e94b3823ea
8-3,8,CRD,CBI_RIAL_1405_CREDIT_GROUP,اعتبارات,تمدید تسهیلات عقود مشارکتی,"0.5 درصد مبلغ تسهیلات، حداکثر 5,760,000 ریال",CBI1405R_CRD_8_3,CBI1405R_CRD,PERCENTAGE_WITH_CAP,RateWithMaximumAmount,,0.005,,5760000,,1,خیر,7,100,6c6501f2e53b885272a4d2224277f055f93bebc14be825771f1f986f27bd92eb
8-4,8,CRD,CBI_RIAL_1405_CREDIT_GROUP,اعتبارات,بررسی اصالت پیش فاکتور,بدون کارمزد,CBI1405R_CRD_8_4,CBI1405R_CRD,FIXED,Flat,0,,,,,1,خیر,7,101,031252a94c2efee02572553dde30be0acb65b95c1616828237a27a1d4af64944
8-5,8,CRD,CBI_RIAL_1405_CREDIT_GROUP,اعتبارات,صلح حقوق یا انتقال تعهد,"یک درصد مانده اصل تسهیلات قابل انتقال، حداقل 2,880,000 ریال و حداکثر 144,000,000 ریال",CBI1405R_CRD_8_5,CBI1405R_CRD,PERCENTAGE_FLOOR_CAP,Other,,0.01,2880000,144000000,,1,خیر,7,102,12363d73685e89e2a7541e2e44ff2c17dc0e8ed068e44e90b50575ccd527462a
8-6,8,CRD,CBI_RIAL_1405_CREDIT_GROUP,اعتبارات,تغییر در شرایط قرارداد,"مقطوع 220,000 ریال",CBI1405R_CRD_8_6,CBI1405R_CRD,FIXED,Flat,220000,,,,,1,خیر,7,103,86bb98d2fae1f7838c8dc09063bd8497c6e1e8c73a51c6741da7f7877c2fadea
8-7,8,CRD,CBI_RIAL_1405_CREDIT_GROUP,اعتبارات,تفکیک، تغییر و تعویض رهینه با وثیقه (تسهیلات و تعهدات),"مقطوع 2,880,000 ریال",CBI1405R_CRD_8_7,CBI1405R_CRD,FIXED,Flat,2880000,,,,,1,خیر,7,104,1f9cc73ed332591cb48c6f00d5a7a47ad76a29328ecd8946e80da9f79ba6d1b4
8-8,8,CRD,CBI_RIAL_1405_CREDIT_GROUP,اعتبارات,اقاله ملک,"مقطوع 4,320,000 ریال",CBI1405R_CRD_8_8,CBI1405R_CRD,FIXED,Flat,4320000,,,,,1,خیر,7,105,98f54ce2eb08a5d163feed2ffc0e77f9d79f8b3a04bdfa665ce4054d23aebe74
8-9,8,CRD,CBI_RIAL_1405_CREDIT_GROUP,اعتبارات,امور مربوط به نظارت بر مصرف تسهیلات (جهت انواع تسهیلاتی که به صورت دفعات واحده نیست و همچنین متناسب با پیشرفت کار پرداخت می گردد) (2),0.5 در هزار مبلغ پرداخت شده در هر مرحله قبل,CBI1405R_CRD_8_9,CBI1405R_CRD,PERCENTAGE,Percentage,,0.0005,,,,1,خیر,7,106,b7ca1e05285be7f703276e8be4ddfd9a9ec3ce6cd5733aac43a749e7273af8db
8-10,8,CRD,CBI_RIAL_1405_CREDIT_GROUP,اعتبارات,امور مربوط به بررسی رهن مازاد سایر سازمان ها و مؤسسات اعتباری,"مقطوع 2,880,000 ریال",CBI1405R_CRD_8_10,CBI1405R_CRD,FIXED,Flat,2880000,,,,,1,خیر,7,107,4cd97148119b14f3356060224751e5eb0258c9dfc2652948aff1018c84ec0ee7
8-11,8,CRD,CBI_RIAL_1405_CREDIT_GROUP,اعتبارات,تکمیل فرم یارانه تسهیلات تکلیفی,"مقطوع 264,000 ریال",CBI1405R_CRD_8_11,CBI1405R_CRD,FIXED,Flat,264000,,,,,1,خیر,7,108,c78230f37e8b07005dc63622bc31dbeb7d442dcecac008a19d1fc26a6ebc685d
8-12,8,CRD,CBI_RIAL_1405_CREDIT_GROUP,اعتبارات,صدور اخطاریه کتبی جهت اقساط یا مطالبات غیرجاری,"هر برگ 576,000 ریال به علاوه هزینه پستی (در صورت وجود)",CBI1405R_CRD_8_12,CBI1405R_CRD,PER_UNIT,PerUnit,576000,,,,,1,خیر,7,109,7a9c5cd5028c838c0098602b0bb5e87fb30f3bbb692e3eee7c732e6301c86b8d
8-13,8,CRD,CBI_RIAL_1405_CREDIT_GROUP,اعتبارات,انتقال ملک مرهونه به شخص ثالث,"مقطوع 2,880,000 ریال",CBI1405R_CRD_8_13,CBI1405R_CRD,FIXED,Flat,2880000,,,,,1,خیر,7,110,2413bcb393fee7999116dac2b69ce803a0f60b14a3165694ed0ae99e66ea6e54
8-14,8,CRD,CBI_RIAL_1405_CREDIT_GROUP,اعتبارات,تغییر ضامن/گیرنده تسهیلات/تعهدات,"مقطوع 2,880,000 ریال",CBI1405R_CRD_8_14,CBI1405R_CRD,FIXED,Flat,2880000,,,,,1,خیر,7,111,602398dda2ec26b34ed99ed0f1da3c8b76b61b65d8d7d5e6a5c5dd7d89469213
8-15,8,CRD,CBI_RIAL_1405_CREDIT_GROUP,اعتبارات,عدم استفاده از حد اعتباری تسهیلات مصوب پس از 45 روز از تاریخ ابلاغ (Commitment fee),یک درصد در سال به ازای مانده استفاده نشده از تاریخ ابلاغ,CBI1405R_CRD_8_15,CBI1405R_CRD,ANNUALIZED_PERCENTAGE,Percentage,,0.01,,,YEAR,1,خیر,7,112,267cc361c46260f48fa37685164f4265fe026c33a0107165fa651662e4f6061d
8-16,8,CRD,CBI_RIAL_1405_CREDIT_GROUP,اعتبارات,هزینه کارشناسی (ارزیابی) طرح ها,1.5 در هزار تسهیلات مصوب (فقط سهم بانک)، شامل 0.5 در هزار مبلغ درخواستی در هنگام پذیرش طرح که از مشتری اخذ شده و غیرقابل برگشت است؛ مابقی در صورت تصویب تا میزان 1.5 در هزار پس از کسر 0.5 در هزار مبلغ مأخوذه قبلی، در زمان انعقاد قرارداد از مشتری اخذ می گردد,CBI1405R_CRD_8_16,CBI1405R_CRD,COMPOSITE,Other,,,,,,2,بله,7,113,e22bd343e28ec82d5eb0d4e77f89aa50ee12238c2e27d8b6ecfab02809358022
8-17,8,CRD,CBI_RIAL_1405_CREDIT_GROUP,اعتبارات,هزینه کارشناسی تسهیلات سرمایه در گردش (3),0.5 در هزار تسهیلات مصوب (فقط سهم بانک),CBI1405R_CRD_8_17,CBI1405R_CRD,PERCENTAGE,Percentage,,0.0005,,,,1,خیر,7,114,8d8b0ef61ab153cf637823fd172a2f1dcf0840d78ac970e1fe1a8bbeff9607c3
8-18,8,CRD,CBI_RIAL_1405_CREDIT_GROUP,اعتبارات,هزینه کارشناسی کالای سرمایه ای واحدهای تولیدی، خدماتی و بازرگانی خارج از طرح (4),1.5 در هزار تسهیلات مصوب (فقط سهم بانک) جهت تأمین کالاهای سرمایه ای، شامل 0.5 در هزار مبلغ درخواستی در هنگام پذیرش که از مشتری اخذ شده و غیرقابل برگشت است؛ مابقی در صورت تصویب تا میزان 1.5 در هزار پس از کسر 0.5 در هزار مبلغ مأخوذه قبلی، در زمان انعقاد قرارداد از مشتری اخذ می گردد,CBI1405R_CRD_8_18,CBI1405R_CRD,COMPOSITE,Other,,,,,,2,بله,7,115,30052b0e79348461ce168704a0f93df6aa521cfa0e07ebffee07026761d0f0ed
8-19,8,CRD,CBI_RIAL_1405_CREDIT_GROUP,اعتبارات,هزینه کارشناسی در ایجاد تعهدات (ضمانتنامه، برات، فاکتورینگ، گشایش اعتبار اسنادی و غیره),0.5 در هزار مبلغ تعهد مورد درخواست,CBI1405R_CRD_8_19,CBI1405R_CRD,PERCENTAGE,Percentage,,0.0005,,,,1,خیر,7,116,fb358f5bdec5807c18d123909fbffe27f0ae692369cf684b75de96a29b94eb4a
8-20,8,CRD,CBI_RIAL_1405_CREDIT_GROUP,اعتبارات,تهیه گزارش اطلاعات اعتباری مشتمل بر استعلام از شاهکار، آدرس، استفاده از سامانه های داخلی، لیست سیاه و ... (تسهیلات/تعهدات),"اشخاص حقیقی: 720,000 ریال (5)؛ اشخاص حقوقی: 2,880,000 ریال (6)",CBI1405R_CRD_8_20,CBI1405R_CRD,COMPOSITE,Other,,,,,,2,بله,7,117,4a4bbf98bb3c3b972720735982d985ea236792b3092a529f4b11c51f2f135231
8-21,8,CRD,CBI_RIAL_1405_CREDIT_GROUP,اعتبارات,تشکیل پرونده اعتباری اعم از تعهدات یا تسهیلات (به استثنای قرض الحسنه),"576,000 ریال",CBI1405R_CRD_8_21,CBI1405R_CRD,FIXED,Flat,576000,,,,,1,خیر,7,118,dd3c014982ea56ee0dade94153550186e0f3bfbae470225ebecfbad63edaf55c
8-22,8,CRD,CBI_RIAL_1405_CREDIT_GROUP,اعتبارات,پذیرش اوراق گواهی حق تقدم هنگام پرداخت تسهیلات,یک در هزار مبلغ تسهیلات,CBI1405R_CRD_8_22,CBI1405R_CRD,PERCENTAGE,Percentage,,0.001,,,,1,خیر,7,119,7879b154e086d5df1951032003e2f05bad3a69d3428922cb071d022ff2354443
8-23,8,CRD,CBI_RIAL_1405_CREDIT_GROUP,اعتبارات,ارائه صورت اطلاعات تسهیلات و تعهدات به درخواست مشتری,"120,000 ریال برای هر برگ",CBI1405R_CRD_8_23,CBI1405R_CRD,PER_UNIT,PerUnit,120000,,,,,1,خیر,7,120,6b8e0c5eb21e8780e0fc49488b93589ffb74e28e8b02f2cb6897b1105af17446
8-24,8,CRD,CBI_RIAL_1405_CREDIT_GROUP,اعتبارات,تغییر شرایط مصوبات ابلاغی صادره از سوی ارکان اعتباری بالاتر از رکن اعتباری شعبه به درخواست مشتری و منوط به صدور مصوبه جدید (تسهیلات/تعهدات),"برای اشخاص حقیقی: مقطوع 1,100,000 ریال؛ برای اشخاص حقوقی: 0.5 درصد مبلغ تسهیلات مصوب، حداقل 1,100,000 ریال و حداکثر 6,000,000 ریال",CBI1405R_CRD_8_24,CBI1405R_CRD,COMPOSITE,Other,,,,,,2,بله,7,121,0aed29bc95bbdb6476480e8eb30affd9f693b2af24dee48d6e860509d775f9d5
8-25,8,CRD,CBI_RIAL_1405_CREDIT_GROUP,اعتبارات,موافقت با تنظیم اجاره نامه بر روی هر واحد مورد رهن,"برای اشخاص حقیقی: بدون کارمزد؛ برای اشخاص حقوقی: مقطوع 1,200,000 ریال",CBI1405R_CRD_8_25,CBI1405R_CRD,COMPOSITE,Other,,,,,,2,بله,7,122,53a7e57480c522d4777fadd61d06a8e04f9d1eacff8893d02ec72bfe260fe398
8-26,8,CRD,CBI_RIAL_1405_CREDIT_GROUP,اعتبارات,بررسی و تصویب درخواست امهال (7),0.2 در هزار مبلغ مورد امهال، حداکثر 120 میلیون ریال,CBI1405R_CRD_8_26,CBI1405R_CRD,PERCENTAGE_WITH_CAP,RateWithMaximumAmount,,0.0002,,120000000,,1,خیر,7,123,69624f4ea198d9073d13ccfc13069fd721748dd230070586e0f27e63a0f03a8c
8-27,8,CRD,CBI_RIAL_1405_CREDIT_GROUP,اعتبارات,توقف عملیات اجرایی در هر نوبت بعد از صدور اجرائیه نسبت به قراردادهای رهنی، داخلی و چک به تقاضای بدهکار/راهن/سایر ذی نفعان (ضامنین، اشخاص ثالث و غیره),0.2 در هزار کل بدهی، حداکثر 120 میلیون ریال,CBI1405R_CRD_8_27,CBI1405R_CRD,PERCENTAGE_WITH_CAP,RateWithMaximumAmount,,0.0002,,120000000,,1,خیر,7,124,4b8d412146891bb67df4dfae7eff41e5805eec65db1fb05e0edef96904047acf
8-28,8,CRD,CBI_RIAL_1405_CREDIT_GROUP,اعتبارات,هزینه استعلام از سازمان ثبت احوال کشور,معادل تعرفه اعلامی از سوی سازمان ثبت احوال کشور (مندرج در قانون بودجه سنواتی),CBI1405R_CRD_8_28,CBI1405R_CRD,COMPOSITE,Other,,,,,,1,بله,7,125,e5afc8ce7fbf253632fad8ed2290da4cae0b87c83087a39b8c0a2f41879cd9da
8-29,8,CRD,CBI_RIAL_1405_CREDIT_GROUP,اعتبارات,ثبت و نگهداری سفته های تضمینی,"اشخاص حقیقی: بدون کارمزد؛ اشخاص حقوقی: مقطوع 120,000 ریال",CBI1405R_CRD_8_29,CBI1405R_CRD,COMPOSITE,Other,,,,,,2,بله,7,126,a5866e26259700255b17557299e2bc70aa3be404e0b687854aa153cbcd3a52a2
8-30,8,CRD,CBI_RIAL_1405_CREDIT_GROUP,اعتبارات,انتقال قراردادهای تسهیلاتی,"240,000 ریال + هزینه پست در صورت وجود",CBI1405R_CRD_8_30,CBI1405R_CRD,FIXED,Flat,240000,,,,,1,خیر,7,127,42491136c83022f093a491eccab0cb548776ce9ba64ec18f01295ab9ae7eab0d
8-31,8,CRD,CBI_RIAL_1405_CREDIT_GROUP,اعتبارات,موافقت با تجمیع دو یا چند پلاک به منظور پرداخت تسهیلات مشارکت,بدون کارمزد,CBI1405R_CRD_8_31,CBI1405R_CRD,FIXED,Flat,0,,,,,1,خیر,7,128,7e1c39c60f40747846a3b6f374bd3356a44b93a72d34f5e3694e1e94a5311ab9
8-32,8,CRD,CBI_RIAL_1405_CREDIT_GROUP,اعتبارات,موافقت با تغییر و اصلاح حدود اربعه پلاک در رهن بانک,"برای اشخاص حقیقی: بدون کارمزد؛ برای اشخاص حقوقی: 1,000,000 ریال",CBI1405R_CRD_8_32,CBI1405R_CRD,COMPOSITE,Other,,,,,,2,بله,7,129,acdb07c883808e261a88e00ca971977c7c7cdbd7c7171bf8ce2d9e2d9904ae44
8-33,8,CRD,CBI_RIAL_1405_CREDIT_GROUP,اعتبارات,درخواست تمدید مدت تعویض وثیقه غیر همزمان,"برای اشخاص حقیقی: بدون کارمزد؛ برای اشخاص حقوقی: 1,000,000 ریال",CBI1405R_CRD_8_33,CBI1405R_CRD,COMPOSITE,Other,,,,,,2,بله,7,130,7268d25cf149ef55a4ad9245bc0aaab681215140d4eb20c13d1cf2dbe458e931
8-34,8,CRD,CBI_RIAL_1405_CREDIT_GROUP,اعتبارات,موافقت با تنظیم سند پیش فروش روی واحد مورد مشارکت بانک,"برای اشخاص حقیقی: بدون کارمزد؛ برای اشخاص حقوقی: 1,000,000 ریال",CBI1405R_CRD_8_34,CBI1405R_CRD,COMPOSITE,Other,,,,,,2,بله,7,131,0ada86deec81cb095330127ea5fd98ffe6783dd86be6d5b006b8ee5c72ddc7ad
8-35,8,CRD,CBI_RIAL_1405_CREDIT_GROUP,اعتبارات,تنظیم پیش نویس و ثبت سند رهنی در سیستم,"برای اشخاص حقیقی: بدون کارمزد؛ برای اشخاص حقوقی: 1,000,000 ریال",CBI1405R_CRD_8_35,CBI1405R_CRD,COMPOSITE,Other,,,,,,2,بله,7,132,6de3d76021bdb87f268bb67cedcd0fee51ea958b2fc2d758712ae2346fef5e79
8-36,8,CRD,CBI_RIAL_1405_CREDIT_GROUP,اعتبارات,تمدید پیش نویس قراردادهای رهنی پس از طی مهلت یک ماهه,بدون کارمزد,CBI1405R_CRD_8_36,CBI1405R_CRD,FIXED,Flat,0,,,,,1,خیر,7,133,e2e2d453d16fe28394deb3ecae555b5d54ba4233d4d5fa9ffab7886cb18f745c
8-37,8,CRD,CBI_RIAL_1405_CREDIT_GROUP,اعتبارات,اصلاح یا برگشت مبلغ اضافه واریزی اقساط (به درخواست مشتری),"برای اشخاص حقیقی: بدون کارمزد؛ برای اشخاص حقوقی: 1,000,000 ریال",CBI1405R_CRD_8_37,CBI1405R_CRD,COMPOSITE,Other,,,,,,2,بله,7,134,f04a6ac8dc5f05150874e73b98c32284b874ede1943a6643e041069752af9d41
8-38,8,CRD,CBI_RIAL_1405_CREDIT_GROUP,اعتبارات,تشکیل پرونده برای پرداخت بیمه غرامت فوت گیرندگان تسهیلات,بدون کارمزد,CBI1405R_CRD_8_38,CBI1405R_CRD,FIXED,Flat,0,,,,,1,خیر,7,135,de5e8e76d4ddff70773f7a7e029dd770bc87d13811a6d0bc26408d37062176cf
8-39,8,CRD,CBI_RIAL_1405_CREDIT_GROUP,اعتبارات,وصول مطالبات اعم از برون سپاری به مؤسسات/شرکت های ذی ربط یا توسط خود مؤسسه اعتباری,بدون کارمزد,CBI1405R_CRD_8_39,CBI1405R_CRD,FIXED,Flat,0,,,,,1,خیر,7,136,4eee266c69d51d950ba7801453e530364b67020c5a7fa4063334f218f33392c0
9-1,9,OTH,CBI_RIAL_1405_OTHER_GROUP,سایر خدمات,نگهداری مانده های مطالبه نشده و راکد (سالانه),"30,000 ریال",CBI1405R_OTH_9_1,CBI1405R_OTH,FIXED,Flat,30000,,,,,1,خیر,8,137,570123c2d072f4e56c0d47b8a18be209c8dda19af028a3dd47a53420efc89fde
9-2,9,OTH,CBI_RIAL_1405_OTHER_GROUP,سایر خدمات,تهیه تصویر (صدور سند المثنی)/چاپ مجدد اسناد روزهای قبل به درخواست مشتری (1),"57,600 ریال",CBI1405R_OTH_9_2,CBI1405R_OTH,FIXED,Flat,57600,,,,,1,خیر,8,138,c994a8bcd809726f1a72d7f9a9e609504f4bf88ac192b0b7b8dd80974616713b
9-3,9,OTH,CBI_RIAL_1405_OTHER_GROUP,سایر خدمات,بازیابی تصاویر دوربین های مدار بسته (اعم از داخل و بیرون) شعب به درخواست مشتری/دستور مرجع قضایی,بدون کارمزد,CBI1405R_OTH_9_3,CBI1405R_OTH,FIXED,Flat,0,,,,,1,خیر,8,139,ca5436a37c3c199217d1e81e5fa0b1dde5d2459282034c5d2c7bc18d50de80bc
9-4,9,OTH,CBI_RIAL_1405_OTHER_GROUP,سایر خدمات,اطلاعات درخواستی مشتریان جهت ارائه به بازرسان قانونی و حسابرسان مستقل آن ها,"به ازای هر حساب 1,008,000 ریال",CBI1405R_OTH_9_4,CBI1405R_OTH,PER_UNIT,PerUnit,1008000,,,,,1,خیر,8,140,4fa66ef56f6c62a102a2236c105d8d10e6ebceb916cdfbfb70afd9c1b415c968
9-5,9,OTH,CBI_RIAL_1405_OTHER_GROUP,سایر خدمات,گواهی اعلام بدهی و یا مانده هرگونه از حساب ها به مراجع ذی صلاح به درخواست مشتری (2),"288,000 ریال",CBI1405R_OTH_9_5,CBI1405R_OTH,FIXED,Flat,288000,,,,,1,خیر,8,141,8641d7b2bc19b2f70e43c64ff43db3e1b5dc889c17e0f09dc20728cde9175be9
9-6,9,OTH,CBI_RIAL_1405_OTHER_GROUP,سایر خدمات,دریافت حضوری قبوض آب، برق، گاز، تلفن (ثابت-همراه)، شهرداری، راهنمایی و رانندگی و موارد مشابه (از سازمان/شرکت ذی ربط),"57,600 ریال",CBI1405R_OTH_9_6,CBI1405R_OTH,FIXED,Flat,57600,,,,,1,خیر,8,142,1cfcb43f9348cef7b7f4e9880b9e4b677d57148e886c99d56a8e1b6835efced3
9-7,9,OTH,CBI_RIAL_1405_OTHER_GROUP,سایر خدمات,تأیید اصالت وکالتنامه,"120,000 ریال",CBI1405R_OTH_9_7,CBI1405R_OTH,FIXED,Flat,120000,,,,,1,خیر,8,143,2395a65ed4d4abfd41ec35bf5ac66193c73a15a820f880345563bab4c23b4190
9-8,9,OTH,CBI_RIAL_1405_OTHER_GROUP,سایر خدمات,ارائه تأییدیه شماره حساب و شماره شبا به سایر سازمان ها بنا به درخواست مشتری,"برای اشخاص حقیقی: بدون کارمزد؛ برای اشخاص حقوقی: 20,000 ریال",CBI1405R_OTH_9_8,CBI1405R_OTH,COMPOSITE,Other,,,,,,2,بله,8,144,8204979b8ac1a6dc33706a82932d1aa6706ef1eaa9eeb9572b620331c6dd1ec5
9-9,9,OTH,CBI_RIAL_1405_OTHER_GROUP,سایر خدمات,محاسبه و پرداخت سهم الارث وراث از حساب متوفی (حسب مدارک مثبته),بدون کارمزد,CBI1405R_OTH_9_9,CBI1405R_OTH,FIXED,Flat,0,,,,,1,خیر,8,145,768aec6232bb2ae819938644eefe8babdb8d82ed30522e6fffd6fbb4f7dfa922
9-10,9,OTH,CBI_RIAL_1405_OTHER_GROUP,سایر خدمات,اخذ کد بورسی به درخواست مشتری از طریق مراجعه به شعبه,"100,000 ریال",CBI1405R_OTH_9_10,CBI1405R_OTH,FIXED,Flat,100000,,,,,1,خیر,8,146,9d39ba5b15059e6552048331df16da43921ba6419166ee9a49940b97889265a5
9-11,9,OTH,CBI_RIAL_1405_OTHER_GROUP,سایر خدمات,ارائه خدمات مربوط به ETC برای بار اول,"40,000 ریال + هزینه برچسب",CBI1405R_OTH_9_11,CBI1405R_OTH,FIXED,Flat,40000,,,,,1,خیر,8,147,452e8657af305582700b6c18a66b1516bfcf1da5daaa987c3c250dcceae9cce4
9-12,9,OTH,CBI_RIAL_1405_OTHER_GROUP,سایر خدمات,اخذ استعلام وضعیت اعتباری (تسهیلات و تعهدات) و ماده (21) حساب جاری از سامانه بانک مرکزی جهت ارائه به سایر سازمان ها و نهادها,بدون کارمزد,CBI1405R_OTH_9_12,CBI1405R_OTH,FIXED,Flat,0,,,,,1,خیر,8,148,9de6a3119d673e1a4269f54db08bb23f25393b9b2e686f6de2b70d6f0e05c10b
9-13,9,OTH,CBI_RIAL_1405_OTHER_GROUP,سایر خدمات,ارائه تصویر مدارک موجود در پرونده تسهیلاتی یا قراردادهای افتتاح حساب اشخاص حقیقی به تسهیلات گیرنده یا صاحب حساب,بدون کارمزد,CBI1405R_OTH_9_13,CBI1405R_OTH,FIXED,Flat,0,,,,,1,خیر,8,149,ad9808b4c1e9616653d7cdc054d60d76abc7869854069dd93a1c6c8b8cea69fd
9-14,9,OTH,CBI_RIAL_1405_OTHER_GROUP,سایر خدمات,استعلام مربوط به اخذ فرم ماده (186) قانون مالیات های مستقیم,"140,000 ریال",CBI1405R_OTH_9_14,CBI1405R_OTH,FIXED,Flat,140000,,,,,1,خیر,8,150,83205ec5d8e0f45ca2808f0a15fc6b9afbe6399ff8552cfcce1f9fd144b68a69
9-15,9,OTH,CBI_RIAL_1405_OTHER_GROUP,سایر خدمات,استعلام و به روزرسانی کدپستی به درخواست مشتری (دریافت نشانی، مختصات جغرافیایی، تولید گواهی کد پستی) از طریق مراجعه به شعبه,"100,000 ریال + هزینه استعلام در صورت وجود",CBI1405R_OTH_9_15,CBI1405R_OTH,FIXED,Flat,100000,,,,,1,خیر,8,151,2c29df92b90e197dce039e31fc43d52edd72b81759d4cd4dc430f5c2d7d1ce6d
9-16,9,OTH,CBI_RIAL_1405_OTHER_GROUP,سایر خدمات,انجام استعلام از مراجع ذی ربط (نظیر شهرداری، سازمان نظام وظیفه و شرکت مترو) جهت انجام/ارائه عملیات/خدمات بانکی,"140,000 ریال + هزینه استعلام در صورت وجود",CBI1405R_OTH_9_16,CBI1405R_OTH,FIXED,Flat,140000,,,,,1,خیر,8,152,644f503b26becb42358534ab25026ab8e7e4f7b2fcd94bba8502643fd3054470
9-17,9,OTH,CBI_RIAL_1405_OTHER_GROUP,سایر خدمات,استعلام مالکیت شماره تلفن همراه از سامانه شاهکار,"100,000 ریال + هزینه استعلام",CBI1405R_OTH_9_17,CBI1405R_OTH,FIXED,Flat,100000,,,,,1,خیر,8,153,f0aed4d29a2f1096be70bed9352df7cd49bce6927f69a0b901041f2f4744be4f
