logical_no,source_rows,section,section_code,feature_code,tariff_code,service_code,fee_code,name_fa,calc_source_type,calc_strategy,basis_type,fixed_amount,source_percent,rate_value,min_fee,max_fee,rate_period_code,currency_code,source_notes,source_service_text,source_max_text,import_status,review_reason,config_hash,tier_first_upper
17,18,"صدور ضمانتنامه شرکت در مناقصه , مزایده و سایر ضمانت نامه ها",GAR,CBI_GUARANTEE_FEE_GROUP,1-17,,CBI1404_GAR_1_17_01,تمدید و تجدیدضمانت نامه,,EXTERNAL_VALUE,Other,,,,,,,IRR,,"کارمزد تمدید برابر با نرخ صدور ضمانت نامه در زمان تمدید حداقل 812,500 ریال",تمدید و تجدیدضمانت نامه کارمزد تمدید برابر با نرخ صدور ضمانت نامه در زمان تمدید,EXTERNAL_RULE,فرمول ساختاری در ستون های فایل منبع ارائه نشده است؛ متن منبع بدون تبدیل به فرمول اجرایی حفظ شد.,94bd7028db526580226369582d5f7f1c68324b0f4b55166113d416a8435fa2a7,
18,19,"صدور ضمانتنامه شرکت در مناقصه , مزایده و سایر ضمانت نامه ها",GAR,CBI_GUARANTEE_FEE_GROUP,1-18,,CBI1404_GAR_1_18_01,تقلیل ضمانت نامه,,EXTERNAL_VALUE,Other,,,,,,,IRR,,"کارمزد اخذ شده در هنگام صدور نسبت به مابه التفاوت مبلغ برای مدت باقی مانده پس از کسر یک ماه به نفع بانک محاسبه و مسترد می گردد، حداقل مبلغ کارمزد صدور ضمانت نامه (812,500 ریال) غیرقابل برگشت می باشد .",تقلیل ضمانت نامه,EXTERNAL_RULE,فرمول ساختاری در ستون های فایل منبع ارائه نشده است؛ متن منبع بدون تبدیل به فرمول اجرایی حفظ شد.,0723d37d8ea2dca7ab5b95643e95577005dfe6a3fc728df18bdb0d0c765274ac,
19,20,"صدور ضمانتنامه شرکت در مناقصه , مزایده و سایر ضمانت نامه ها",GAR,CBI_GUARANTEE_FEE_GROUP,1-18,,CBI1404_GAR_1_18_02,ابطال ضمانت نامه قبل از سررسید (غیر از ضبط ضمانت نامه),,EXTERNAL_VALUE,Other,,,,,,,IRR,,"کارمزد اخذ شده در هنگام صدور نسبت به مابه التفاوت مبلغ برای مدت باقی مانده پس از کسر یک ماه به نفع بانک محاسبه و مسترد می گردد، حداقل مبلغ کارمزد صدور ضمانت نامه (812,500 ریال) غیرقابل برگشت می باشد .",,EXTERNAL_RULE,فرمول ساختاری در ستون های فایل منبع ارائه نشده است؛ متن منبع بدون تبدیل به فرمول اجرایی حفظ شد.,8e605b89a1aea472e3193bbd8aa097799bee5e64f2b3f2c194544d00d6ad1ead,
27,28,صندوق های اجاره ای,SDB,CBI_SAFE_DEPOSIT_FEE_GROUP,3-1,,CBI1404_SDB_3_1_01,صندوق اجاره ای(اجاره بها سالانه، ودیعه),,EXTERNAL_VALUE,Other,,,,,,,IRR,,"هر سانتی متر مکعب 180 ریال(حداقل 900,000 ریال) ، همچنین حجم ودیعه اجاره بها 8 برابر مبلغ اجاره بها، حداقل مبلغ 7,200,000 ریال",صندوق اجاره ای(اجاره بها ساالنه، ودیعه),EXTERNAL_RULE,فرمول ساختاری در ستون های فایل منبع ارائه نشده است؛ متن منبع بدون تبدیل به فرمول اجرایی حفظ شد.,1e7d4f7503585709aa77f8c2844ba3c879510a92ae06d134074ca0efc08a9679,
34,35,"مدیریت اوراق بهادار مشتریان (اوراق مشارکت , گواهی سپرده , صکوک و ...)",SEC,CBI_SECURITIES_FEE_GROUP,4-3,,CBI1404_SEC_4_3_01,تضمین اصل و سود اوراق بهادار(شامل اوراق مشارکت، صکوک و ...) توسط بانک عامل *,,EXTERNAL_VALUE,Other,,,,,,,IRR,,حداقل به میزان کارمزد صدور ضمانت نامه ها متناسب با وثایق و حداکثر تا دو برابر آن,تضمین اصل و سود اوراق بهادار(شامل اوراق مشارکت، صکوک و ...) توسط بانک عامل *,EXTERNAL_RULE,فرمول ساختاری در ستون های فایل منبع ارائه نشده است؛ متن منبع بدون تبدیل به فرمول اجرایی حفظ شد.,638d44e08e02af3c94f21bdbde8632fbc523723dcd173cd11f6fb8f5e69135fa,
36,37,"مدیریت اوراق بهادار مشتریان (اوراق مشارکت , گواهی سپرده , صکوک و ...)",SEC,CBI_SECURITIES_FEE_GROUP,4-5,,CBI1404_SEC_4_5_01,کارمزد عاملیت و ضمانت اوراق گواهی اعتبار مولد(گام),,EXTERNAL_VALUE,Other,,,,,,,IRR,,حداکثر به میزان کارمزد صدور ضمانت نامه ها و متناسب با وثایق دریافتی,کارمزد عاملیت و ضمانت اوراق گواهی اعتبار مولد(گام),EXTERNAL_RULE,فرمول ساختاری در ستون های فایل منبع ارائه نشده است؛ متن منبع بدون تبدیل به فرمول اجرایی حفظ شد.,fa12a2f2c28fc13d1901691a3e408ec02ebcb69e4038c76b401faafbcd52ac89,
44,45,وصول بروات,COL,CBI_BILL_COLLECTION_FEE_GROUP,5-4,,CBI1404_COL_5_4_01,فروش سفته/ بارنامه (از متقاضی),مبلغ ثابت,EXTERNAL_VALUE,Other,,,,,,,IRR,برگ,"برای هر برگ 7,500 ریال حداکثر 1,500,000 ریال",فروش سفته/ بارنامه (از متقاضی)برای هر برگ,REVIEW_CONFLICT,"مبلغ ساختاری 75,000 ریال است ولی متن نوع خدمت 7,500 ریال برای هر برگ ذکر می‌کند؛ نیازمند تأیید منبع مقرراتی.",309b3f12a13fa7e6d08f14770df72f3a4613ae5af9486803ec20ab1aa034baef,
50,51,حساب قرض الحسنه جاری,CUR,CBI_CURRENT_ACCOUNT_FEE_GROUP,6-1-5,,CBI1404_CUR_6_1_5_02,اخذ هر گونه اطلاعات لازم جهت افتتاح حساب جاری (با دست چک),,EXTERNAL_VALUE,Other,,,,,,,IRR,"هزینه استعلام (هزینه استعلام شامل استعلام از سامانه شاهکار , اخذ تاییدیه و ... می باشد)","حداقل 75,000 ریال + هزینه استعلام (هزینه استعلام شامل استعلام از سامانه شاهکار , اخذ تاییدیه و ... می باشد)",,EXTERNAL_RULE,فرمول ساختاری در ستون های فایل منبع ارائه نشده است؛ متن منبع بدون تبدیل به فرمول اجرایی حفظ شد.,beb3e337f12b9c279ad51020d0519dcc7467440d1db804747d4d8db4536a4fc7,
59,60,حساب قرض الحسنه جاری,CUR,CBI_CURRENT_ACCOUNT_FEE_GROUP,6-1-15,,CBI1404_CUR_6_1_15_01,نگهداری امانی چک های با سررسید بیش از 30 روز (به استثنای چک های تسهیلاتی),مبلغ ثابت,EXTERNAL_VALUE,Other,,,,,,,IRR,برگ چک,"بابت هر برگ چک 7,500 ریال",نگهداری امانی چک های با سررسید بیش از 30 روز,REVIEW_CONFLICT,"مبلغ ساختاری 75,000 ریال است ولی متن نوع خدمت 7,500 ریال بابت هر برگ چک ذکر می‌کند؛ نیازمند تأیید منبع مقرراتی.",d0f70f9a3b16c068dfd289a47fdcbe02d5a9b7acf3434f622f6a470508bb8cf0,
86,"87,88,89",ارزیابی اموال منقول و غیرمنقول,APP,CBI_APPRAISAL_FEE_GROUP,7-1,,CBI1404_APP_7_1_01,ارزیابی ماشین آلات و کالا,پلکانی,COMPOSITE,RatePerBrackets,,0.2,0.002,,,,IRR,,"دو میلیارد ریال مبلغ ارزیابی 2,587,500 ریال؛ بیش از دو میلیارد ریال تا 400 میلیارد ریال نسبت به مازاد، 2 در هزار یا معادل تعرفه کارشناسان رسمی دادگستری هر کدام که کمتر باشد؛ مازاد بر 400 میلیارد ریال ارجاع به کارشناس رسمی دادگستری",ارزیابی ماشین آالت و کاالتا,SAFE_TIERED_EXTERNAL,پله سوم و تعرفه کارشناس رسمی مقدار بیرونی هستند؛ وابستگی خارجی صریحاً مدل شده و عددی جعل نشده است.,b1a7cceb632d37bb87970e583990a6950af73c0849d95ca1d9acb26fc0e6b21f,2000000000
88,"93,94,95",ارزیابی اموال منقول و غیرمنقول,APP,CBI_APPRAISAL_FEE_GROUP,7-3,,CBI1404_APP_7_3_01,ارزیابی املاک مزروعی و باغات,پلکانی,COMPOSITE,RatePerBrackets,,0.2,0.002,,,,IRR,,"تا دو میلیارد ریال مبلغ ارزیابی 2,587,500 ریال؛ بیش از دو میلیارد ریال تا 400 میلیارد ریال نسبت به مازاد، 2 در هزار یا معادل تعرفه کارشناسان رسمی دادگستری هر کدام که کمتر باشد؛ مازاد بر 400 میلیارد ریال ارجاع به کارشناس رسمی دادگستری",,SAFE_TIERED_EXTERNAL,پله سوم و تعرفه کارشناس رسمی مقدار بیرونی هستند؛ وابستگی خارجی صریحاً مدل شده و عددی جعل نشده است.,033144495948958b8d1348ff82103a68b30d0f425bfb685f2b79ad012a45dad3,2000000000
89,"96,97,98",ارزیابی اموال منقول و غیرمنقول,APP,CBI_APPRAISAL_FEE_GROUP,7-3,,CBI1404_APP_7_3_02,ارزیابی تسهیلات مشارکت مدنی و پیشرفت فیزیکی پروژه ها (برآورد هزینه و آورده غیرنقدی شریک),پلکانی,COMPOSITE,RatePerBrackets,,0.2,0.002,,,,IRR,,"تا دو میلیارد ریال مبلغ ارزیابی 2,587,500 ریال؛ بیش از دو میلیارد ریال تا 400 میلیارد ریال نسبت به مازاد، 2 در هزار یا معادل تعرفه کارشناسان رسمی دادگستری هر کدام که کمتر باشد؛ مازاد بر 400 میلیارد ریال ارجاع به کارشناس رسمی دادگستری",,SAFE_TIERED_EXTERNAL,پله سوم و تعرفه کارشناس رسمی مقدار بیرونی هستند؛ وابستگی خارجی صریحاً مدل شده و عددی جعل نشده است.,0dfbb498627f78be3a733a5abe2d1f89ca30ada0881a927afcec62d73b4991c7,2000000000
91,100,ارزیابی اموال منقول و غیرمنقول,APP,CBI_APPRAISAL_FEE_GROUP,7-3,,CBI1404_APP_7_3_04,ارزیابی مجدد به درخواست مشتری (به غیر از تسهیلات جعاله تعمیر مسکن),,EXTERNAL_VALUE,Other,,,,,,,IRR,,الف) در صورتی که ارزیابی مجدد به درخواست مؤسسه اعتباری یا سایر مراجع ذی صالح انجام شود، کارمزدی از مشتری اخذ نخواهد شد؛ ب) در صورتی که ارزیابی مجدد به درخواست مشتری انجام شود و تاریخ درخواست مشتری تا 6 ماه پس از ارزیابی قبلی باشد، حداکثر کارمزد قابل مطالبه به مأخذ 30 درصد رقم کل کارمزد ارزیابی محاسبه و اخذ شود و اگر تاریخ درخواست مشتری پس از 6 ماه از ارزیابی قبلی باشد، در چارچوب ردیف های(1-7) الی(4-7) کارمزد ارزیابی اموال دریافت شود.,,EXTERNAL_RULE,فرمول ساختاری در ستون های فایل منبع ارائه نشده است؛ متن منبع بدون تبدیل به فرمول اجرایی حفظ شد.,e2a1e28b3fccfdab1aab2a72597e2ccbe6b1422445cea51304d6ce4e0eb8ef85,
92,"101,102,103",ارزیابی اموال منقول و غیرمنقول,APP,CBI_APPRAISAL_FEE_GROUP,7-3,,CBI1404_APP_7_3_05,ارزیابی وثایق غیرمنقول مازاد,پلکانی,COMPOSITE,RatePerBrackets,,0.2,0.002,,,,IRR,,"تا دو میلیارد ریال مبلغ ارزیابی 2,587,500 ریال؛ بیش از دو میلیارد ریال تا 400 میلیارد ریال نسبت به مازاد، 2 در هزار یا معادل تعرفه کارشناسان رسمی دادگستری هر کدام که کمتر باشد؛ مازاد بر 400 میلیارد ریال ارجاع به کارشناس رسمی دادگستری",,SAFE_TIERED_EXTERNAL,پله سوم و تعرفه کارشناس رسمی مقدار بیرونی هستند؛ وابستگی خارجی صریحاً مدل شده و عددی جعل نشده است.,7f4a37665a0af96d376233d450abfb2a3db2bd44faa8b0bd13ce637c0d07f5b9,2000000000
93,104,اعتبارات,CRD,CBI_CREDIT_FEE_GROUP,8-1,,CBI1404_CRD_8_1_01,اخذ استعلام اعتبارسنجی از شرکت رتبه بندی اعتباری ایران,پلکانی,EXTERNAL_VALUE,Other,,,,,,,IRR,,مطابق تعرفه ابالغی بانک مرکزی به شرکت مذکور,اخذ استعالم اعتبارسنجی از شرکت رتبه بندی اعتباری ایران,EXTERNAL_RULE,فایل منبع نوع را پلکانی اعلام کرده ولی پله های ساختاری قابل اتکا در همان ردیف وجود ندارد.,e72fa94b44724fd78a33325b5b7710c3629344f9b580f08530d2590493250e68,
94,105,اعتبارات,CRD,CBI_CREDIT_FEE_GROUP,8-2,,CBI1404_CRD_8_2_01,واگذاری سهم الشرکه بانک به غیر,,EXTERNAL_VALUE,Other,,,,,,,IRR,,مطابق تعرفه ارزیابی اموال منقول و غیرمنقول مندرج در سرفصل 7,واگذاری سهم الشرکه بانک به غیر,EXTERNAL_RULE,فرمول ساختاری در ستون های فایل منبع ارائه نشده است؛ متن منبع بدون تبدیل به فرمول اجرایی حفظ شد.,c76035c336eacf5b0d68913497e1e7304d1931d53bd0e1f75b8709478f4241f7,
110,121,اعتبارات,CRD,CBI_CREDIT_FEE_GROUP,8-18,,CBI1404_CRD_8_18_01,هزینه کارشناسی کالاهای سرمایه ای واحدهای تولیدی، خدماتی و بازرگانی خارج از طرح ***,,EXTERNAL_VALUE,Other,,,,,,,IRR,,در هزار تسهیالت مصوب(فقط سهم بانک) جهت تأمین کاالهای سرمایه ای شامل 0/5 در هزار مبلغ درخواستی به هنگام پذیرش طرح محاسبه و از مشتری اخذ گردیده و غیرقابل برگشت می باشد و مابقی آن در صورت تصویب تا میزان 1/5 در هزار پس از کسر 0/5 در هزار مبلغ مأخوذه قبلی، در زمان انعقاد قرارداد از مشتری اخذ می گردد.,هزینه کارشناسی کاالهای سرمایه ای واحدهای تولیدی، خدماتی و بازرگانی خارج از طرح ***,EXTERNAL_RULE,فرمول ساختاری در ستون های فایل منبع ارائه نشده است؛ متن منبع بدون تبدیل به فرمول اجرایی حفظ شد.,7555249291459eeebfac317731936886f59c37889be70abb2166ea7511ad50a8,
122,133,اعتبارات,CRD,CBI_CREDIT_FEE_GROUP,8-27,,CBI1404_CRD_8_27_01,هزینه استعلام از سازمان ثبت احوال کشور,,EXTERNAL_VALUE,Other,,,,,,,IRR,,معادل تعرفه اعلامی از سوی سازمان ثبت احوال کشور (مندرج در قانون بودجه سنواتی),,EXTERNAL_RULE,فرمول ساختاری در ستون های فایل منبع ارائه نشده است؛ متن منبع بدون تبدیل به فرمول اجرایی حفظ شد.,63ae78859b33b2ab15054c096c6a3f5845f967656d11d2c56ff25d4382d40f9a,
143,154,سایر خدمات,OTH,CBI_OTHER_SERVICE_FEE_GROUP,9-5,,CBI1404_OTH_9_5_01,گواهی اعلام بدهی و یا مانده هرگونه از حساب ها به مراجع ذی صلاح به درخواست مشتری**,مبلغ ثابت,EXTERNAL_VALUE,Other,,,,,,,IRR,,"180,000 ریال",,REVIEW_CONFLICT,"مبلغ ساختاری 18,000 ریال است ولی متن نوع خدمت 180,000 ریال ذکر می‌کند؛ نیازمند تأیید منبع مقرراتی.",e2759d45f7c30a84f784f98cb5bcf6ead6dda04c996dc2b6dcc81549ef401b74,
164,175,خدمات الکترونیکی,ELEC,CBI_ELECTRONIC_SERVICE_FEE_GROUP,8,,CBI1404_ELEC_8_01,انتقال وجه شتابی کارت به کارت/ انتقال وجه کارت به شبا (خدمت سحاب),,EXTERNAL_VALUE,Other,,,,,,,IRR,,,,EXTERNAL_RULE,فرمول ساختاری در ستون های فایل منبع ارائه نشده است؛ متن منبع بدون تبدیل به فرمول اجرایی حفظ شد.,5f822bb721f8f03ba3d9e267b90b2eea93c5263d3b0ccb3339da6de6511803b4,
218,229,خدمات الکترونیکی,ELEC,CBI_ELECTRONIC_SERVICE_FEE_GROUP,62,,CBI1404_ELEC_62_01,سامانه پرداخت حسابی(پل پی) - خرید حسابی (واریز آنی),,EXTERNAL_VALUE,Other,,,,,,,IRR,,,,EXTERNAL_RULE,فرمول ساختاری در ستون های فایل منبع ارائه نشده است؛ متن منبع بدون تبدیل به فرمول اجرایی حفظ شد.,6ce3f6c430bb3f22d2243493f5bfaf392f6c58001beb06bca4d3ad3aa27a230d,
219,230,خدمات الکترونیکی,ELEC,CBI_ELECTRONIC_SERVICE_FEE_GROUP,63,,CBI1404_ELEC_63_01,سامانه پرداخت حسابی(پل پی) - خرید حسابی (واریز چرخه ای),,EXTERNAL_VALUE,Other,,,,,,,IRR,,,,EXTERNAL_RULE,فرمول ساختاری در ستون های فایل منبع ارائه نشده است؛ متن منبع بدون تبدیل به فرمول اجرایی حفظ شد.,c1213bf7a90311d6aa519adb8152c41b99e09b615e62cbbc78f291b28981dc50,
220,231,خدمات الکترونیکی,ELEC,CBI_ELECTRONIC_SERVICE_FEE_GROUP,64,,CBI1404_ELEC_64_01,سامانه پرداخت حسابی(پل پی) - خرید حسابی (واریز روزانه),,EXTERNAL_VALUE,Other,,,,,,,IRR,,,,EXTERNAL_RULE,فرمول ساختاری در ستون های فایل منبع ارائه نشده است؛ متن منبع بدون تبدیل به فرمول اجرایی حفظ شد.,46ac5f9aee39f7d459cdfb742f2f5672b707aa4f578b1f1d6ed6aae5478fcd6f,
221,232,خدمات الکترونیکی,ELEC,CBI_ELECTRONIC_SERVICE_FEE_GROUP,65,,CBI1404_ELEC_65_01,سامانه پرداخت حسابی (پل پی) - سرویس برگشت از خرید (Refund),,EXTERNAL_VALUE,Other,,,,,,,IRR,,,,EXTERNAL_RULE,فرمول ساختاری در ستون های فایل منبع ارائه نشده است؛ متن منبع بدون تبدیل به فرمول اجرایی حفظ شد.,f1438b74acfb26f3c61309afabc1b643f85cd072a2560191d585d104e5de1363,
222,233,خدمات الکترونیکی,ELEC,CBI_ELECTRONIC_SERVICE_FEE_GROUP,66,,CBI1404_ELEC_66_01,سامانه پرداخت حسابی(پل پی) - درخواست دریافت وجه - سرویس Request to Pay,,EXTERNAL_VALUE,Other,,,,,,,IRR,,,,EXTERNAL_RULE,فرمول ساختاری در ستون های فایل منبع ارائه نشده است؛ متن منبع بدون تبدیل به فرمول اجرایی حفظ شد.,b787cb26656135805ae76100d3e5f31772059ed2bc56514aa8ef133398ad6559,
223,234,خدمات الکترونیکی,ELEC,CBI_ELECTRONIC_SERVICE_FEE_GROUP,67,,CBI1404_ELEC_67_01,سامانه پرداخت حسابی(پل پی) - درخواست دریافت وجه مستمر - سرویس Direct Debit,,EXTERNAL_VALUE,Other,,,,,,,IRR,,,,EXTERNAL_RULE,فرمول ساختاری در ستون های فایل منبع ارائه نشده است؛ متن منبع بدون تبدیل به فرمول اجرایی حفظ شد.,6fe4d3e392c3d039f4ce7939b4d867e76e9a0851fc689f3b0150427925c7edfe,
227,238,خدمات الکترونیکی,ELEC,CBI_ELECTRONIC_SERVICE_FEE_GROUP,71,,CBI1404_ELEC_71_01,صدور دسته چک (اعم از کاغذی و الکترونیکی),,EXTERNAL_VALUE,Other,,,,,,,IRR,,,,EXTERNAL_RULE,فرمول ساختاری در ستون های فایل منبع ارائه نشده است؛ متن منبع بدون تبدیل به فرمول اجرایی حفظ شد.,e26acd971f20887a52634b1e88dd9ab9402c941939e2483e2150304060f64453,
